SECTORNUMBER,1,2,3,4,5,6,7,8,9,10,11,12,13,14,15,16,17,18,19,20,21,22,23,24,25,26,27,28,29,30,31,32,33,34,35,36,37,38,39,40,41,42,43,44,45,46,47,48,49,50,51,52,53,54,55,56,57,58,59,60,61,62,63,64,65,66,67,68,69,70,71,72,73,74,75,76,77,78,79,80,81,82,83,84,85,86,87,88,89,90,91,92,93,94,95,96,97,98,99,100,101,102,103,104,105,106,107,108,109,110,111,112,113,114,115,116,117,118,119,120,121,122,123,124,125,126,127,128,129,130,131,132,133,134,135,136,137,138,139,140,141,142,143,144,145,146,147,148,149,150,151,152,153,154,155,156,157,158,159,160,161,162,163,164,165,166
1,187887.472,0.002,527.582,1878.437,1.341,1257.701,0,0,0,0,0,0,0,0,0,0,0,0,0,0,0,0,0,0,0,0,0,0,0,12.1,0,0,0,0,0,0,0,0,0,0,0,0,0,0,0,0,0,0,0,0,0,0,0,0,0,0,0,0,0,0,0,0,0,0,0,0,0,0,0,0,0,0,0,0,0,0,0,0,0,0,0,0,0,0,0,0,0,0,0,0,0,0,0,0,0,0,0,0,0,0,0,0,0,0,0,0,0,0,0,0,0,0,0,0,0,0,0,0,0,0,0,0,0,0,0.188,0,0,0,0,0,0,0,0,0,0,0,0,0,0,0,0,0.001,0.001,1131.351,0,0,0,0,0,0,0,0,0,0,0,0.001,0,0,0,0,0,0,0,0.012,0,0
2,0.003,253445.827,54.855,195.308,0.001,1704.9,0,0,0,0,0,0,0,0,0,0,0,0,0,0,0,0,0,0,0,0,0,0,0,0.001,0,0,0,0,0,0,0,0,0,0,0,0,0,0,0,0,0,0,0,0,0,0,0,0,0,0,0,0,0,0,0,0,0,0,0,0,0,0,0,0,0,0,0,0,0,0,0,0,0,0,0,0,0,0,0,0,0,0,0,0,0,0,0,0,0,0,0,0,0,0,0,0,0,0,0,0,0,0,0,0,0,0,0,0,0,0,0,0,0,0,0,0,0,0,0.177,0,0,0,0,0,0,0,0,0,0,0,0,0,0,0,0,0.001,0.001,1539.924,0,0,0,0,0,0,0,0,0,0,0,0.001,0,0,0,0,0,0,0,0.011,0,0
3,4.557,0,1080.485,3847.03,0,0,0,0,0,0,0,0,0,0,101.124,0,0,0,0,0,0,0,0,0,0,0,0,0,0,0,0,0,0,0,0,0,0,0,0,0,0,0,0,0,0,0,0,0,0,0,0,0,0,0,0,0,0,0,0,0,0,0,0,0,0,0,0,0,0,0,0,0,0,0,0,0,0,0,0,0,0,0,0,0,0,0,0,0,0,0,0,0,0,0,0,0,0,0,0,0,0,0,0,0,0,0,0,0,0,0,0,0,0,0,0,0,0,0,0,0,0,0,0,0,0.023,0,0,0,0,0,0,0,0,0,0,0,0,0,0,0,0,0,0,0,0,0,0,0,0,0,0,0,0,0,0,0,0,0,0,0,0,0,0,0.001,0,0
4,21.408,0,5075.528,18071.238,0,0,0,0,0,0,0,0,0,0,475.024,0,0,0,0,0,0,0,0,0,0,0,0,0,0,0,0,0,0,0,0,0,0,0,0,0,0,0,0,0,0,0,0,0,0,0,0,0,0,0,0,0,0,0,0,0,0,0,0,0,0,0,0,0,0,0,0,0,0,0,0,0,0,0,0,0,0,0,0,0,0,0,0,0,0,0,0,0,0,0,0,0,0,0,0,0,0,0,0,0,0,0,0,0,0,0,0,0,0,0,0,0,0,0,0,0,0,0,0,0,0.106,0,0,0,0,0,0,0,0,0,0,0,0,0,0,0,0,0,0,0,0,0,0,0,0,0,0,0,0,0,0,0.001,0,0,0,0,0,0,0,0.007,0,0
5,0,0,0,0,8520.995,0,0,0,0,0,0,0,0,0,0.001,0,0,0,0,0,0,0,0,0,0,0,0,0,0,0,0,0,0,0,0,0,0,0,0,0,0,0,0,0,0,0,0,0,0,0,0,0,0,0,0,0,0,0,0,0,0,0,0,0,0,0,0,0,0,0,0,0,0,0,0,0,0,0,0,0,0,0,0,0,0,0,0,0,0,0,0,0,0,0,0,0,0,0,0,0,0,0,0,0,0,0,0,0,0,0,0,0,0,0,0,0,0,0,0,0,0,0,0,0,0.095,0,0,0,0,0,0,0,0,0,0,0,0,0,0,0,0,0,0,0,0,0,0,0,0,0,0,0,0,0,0,0.001,0,0,0,0,0,0,0,0.006,0,0
6,0.001,0,0,0,0,27376.684,0,0,0,0,0,0,0,0,342.97,0,0,0,0,0,0,0,0,0,0,0,0,0,0,0,0,0,0,0,0,0,0,0,0,0,0,0,0,0,0,0,0,0,0,0,0,0,0,0,0,0,0,0,0,0,0,0,0,0,0,0,0,0,0,0,0,0,0,0,0,0,0,0,0,0,0,0,0,0,0,0,0,0,0,0,0,0,0,0,0,0,0,0,0,0,0,0,0,0,0,0,0,0,0,0,0,0,0,0,0,0,0,0,0,0,0,0,0,0,0.123,0,0,0,0,0,0,0,0,0,0,0,0,0,0,0,0,0,0,0,0,0,0,0,0,0,0,0,0,0,0,0.001,0,0,0,0,0,0,0,0.008,0,0
7,0,0,0,0,0,0,460305.437,0,0,21.533,28946.999,0,0,0,105.46,0,0,0,0,0,0,0,0,0,0,0,0,0,0,0,0,0,0,30609.104,192.749,0.001,0,0,0,0,0,0,0,0,0,0,0,0,0,108.964,0,0,0,0,0,0,0,0,0,0,0,0,0,0,0,0,0,0,0,0,0,0,0,0,857.949,0,0,0,0,0,0,0,0,0,0,0,0,0,0,0,0,0,0,0,0,0,0,0,0,0,0,0,0,0,0,0,43.656,0,190.968,0,0,0,0,0,0,0,0,0,0,0,0,0,0,0,0.129,0,0,0,0,0,0,0,0,0,0,0,0,0,0,0,0,0,0,0,0,0,0,0,0,0,0,0,0,0,0,0.001,0,0,0,0,0,0,0,0.008,0,0
8,0,0,0,0,0,0,0,15968.391,0,0,8122.326,0,0,0,1469.94,0,0,0,0,0,0,0,0,0,0,0,0,0,0,0,0,0,0,0,0.001,0,0,0,0,0,0,0,0,0,0,0,0,0,0,0,0,0,0,0,0,0,0,0,0,0,0,0,0,0,0,0,0,0,0,0,0,0,0,0,41.793,0,0,0,0,0,0,0,0,0,0,0,0,0,0,0,0,0,0,0,0,0,0,0,0,0,0,0,0,0,0,0,0.812,0,1.511,0,0,0,0,0,0,0,0,0,0,0,0,0,0,0,0.024,0,0,0,0,0,0,0,0,0,0,0,0,0,0,0,0,0,0,0,0,0,0,0,0,0,0,0,0,0,0,0,0,0,0,0,0,0,0,0.002,0,0
9,0,0,0,0,0,0,0,0,30039.462,0,930.566,0,0,0,1444.943,0,0,0,0,0,0,0,0,0,0,0,0,0,0,0,0,0,0,0.001,0.002,0.001,0.001,0,0,0.002,0,0,0,0,0,0,0,0,0,0,0,0,0,0,0,0,0,0,0,0,0,0,0,0,0,0,0,0,0,0,0,0,0,0,3.79,0,0,0,0,0,0,0,0,0,0,0,0,0,0,0,0,0,0,0,0,0,0,0,0,0,0,0,0,0,0,0,0.001,0,23.577,0,0,0,0,0,0,0,0,0,0,0,0,0,0,0,0.088,0,0,0,0,0,0,0,0,0,0,0,0,0,0,0,0,0,0,0,0,0,0,0,0,0,0,0,0,0,0,0.001,0,0,0,0,0,0,0,0.006,0,0
10,0,0,0,0,0,0,0,0,0,34668.8,113.688,0,0,0,4965.178,0,0,0,0,0,0,0,0,0,0,0,0,0,0,0,0,0,0,146.163,2509.895,0.001,0.001,0,0,175.894,0,0,0,0,0,0,0,0,0,0,0,0,0,0,0,0,0,0,0,0,0,0,0,0,0,0,0,0,0,0,0,0,0,0,442.772,0,0,0,0,0,0,0,0,0,0,0,0,0,0,0,0,0,0,0,0,0,0,0,0,0,0,0,0,0,0,0,0.001,0,13.469,0,0,0,0,0,0,0,0,0,0,0,0,0,0,0,0.122,0,0,0,0,0,0,0,0,0,0,0,0,0,0,0,0,0,0,0,0,0,0,0,0,0,0,0,0,0,0,0.001,0,0,0,0,0,0,0,0.008,0,0
11,0,0,0,0,0,0,262.795,0,0,0,84977.415,0,0,0,2296.584,0,0,0,0,0,0,0,0,0,0,0,0,0,0,0,0,0,0,52.753,0,0,0,0,0,0,0,0,0,0,0,0.002,0.001,485.907,0,0,0,0,0,0,0,0,0,0,0,0,0,0,0,0,0,0,0,0,0,0,0,0,0,0,198.633,0,0,0,0,0,0,0,0,0,0,0,0,0,0,0,0,0,0,0,0,0,0,0,0,0,0,0,0,0,0,0,14.649,0,74.464,0,0,0,0,0,0,0,0,0,0,0,0,0,0,0,0.135,0,0,0,0,0,0,0,0,0,0,0,0,0,0,0,0,0,0,0,0,0,0,0,0,0,0,0,0,0,0,0.001,0,0,0,0,0,0,0,0.009,0,0
12,0,0,0,0,0,0,0,0,0,0,0,475255.627,8059.928,1062.744,1788.989,0,0,0,0,0,0,0,0,0,0,0,0,0,0,0,0,0,0,0,0,0,0,0,0,0,0,0,0,0,0,0,0,0,0,0,0,0,0,0,0,0,0,0,0,0,0,0,0,0,0,0,0,0,0,0,0,0,0,0,1663.848,0,0,0,1191.54,0,0,0,0,0,1429.54,0,0,0,0,0,0,0,0,0,0,0,0,0,0,0,0,0,0,0.001,0.001,0.001,275.042,0.002,976.741,0.001,0.002,0,0,0,0,0,0,0,0,0,0,0,0,0,0.094,0,0,0,0,0,0,0,0,0,0,0,0,0,0,0,0,0,0,0,0,0,0,0,0,0,0,0,0,0,0,0.001,0,0,0,0,0,0,0,0.006,0,0
13,0,0,0,0,0,0,302.913,0,0,0,0,2301.279,77548.047,0,545.003,0,0,0,0,0,0,0,0,0,0,0,0,0,0,0,0,0,0,0,0,0,0,0,0,0,0,0,0,0,0,0,0,0,0,0,0,0,0,0,0,0,0,0,0,0,0,0,0,0,0,0,0,0,0,0,0,0,0,0,0.002,0,0,0,5.033,0,0,0,0,0,2729.304,0,0,0,0,0,0,0,0,0,0,0,0,0,0,0,0,0,0,0.001,0.001,0.001,120.974,0.002,297.291,0.001,0.002,0,0,0,0,0,0,0,0,0,0,0,0,0,0.11,0,0,0,0,0,0,0,0,0,0,0,0,0,0,0,0,0,0,0,0,0,0,0,0,0,0,0,0,0,0,0.001,0,0,0,0,0,0,0,0.007,0,0
14,0,0,0,0,0,0,0,0,0,0,0,415.222,327.477,10899.103,13.096,0,0,0,0,0,0,0,0,0,0,0,0,0,0,0,0,0,0,0,0,0,0,0,0,0,0,0,0,0,0,0,0,0,0,0,0,0,0,0,0,0,0,0,0,0,0,0,0,0,0,0,0,0,0,0,0,0,0,0,0.001,0,0,0,7.311,0,0,0,0,0,0,0,0,0,0,0,0,0,0,0,0,0,0,0,0,0,0,0,0,0.001,0.001,0.001,0.781,0.002,27.757,0.001,0.002,0,0,0,0,0,0,0,0,0,5.6,0,0,0,0.096,0,0,0,0,0,0,0,0,0,0,0,0,0,0,0,0,0,0,0,0,0,0,0,0,0,0,0,0,0,0,0.001,0,0,0,0,0,0,3688.11,0.006,0,0
15,0,0,0,0,0,0,0,0,0,0,0,0,0,0,1847740.207,0,0,0,0,0,0,0,0,0,0,0,0,0,0,0,0,0,0,0,0,0,0,0,0,0,0,0,0,0,0,0,0,0,0,0,0,0,0,0,0,0,0,0,0,0,0,0,0,0,0,0,0,0,0,0,0,0,0,0,0,0,0,0,0,0,0,0,0,0,0,0,0,0,0,0,0,0,0,0,0,0,0,0,0,0,0,0,0,0.002,0.002,0.002,444.78,0.004,29.064,0.002,0.005,0,0,0,0,0,0,0,0,0,0,0,0,0,0.3,0,0,0,0,0,0,0,0,0,0,0,0,0,0,0,0,0,0,0,0,0,0,0,0,0,0,0,0,0,0,0.002,0,0,0,0,0,0,0,0.019,0,0
16,0,0,0,0,0,0,0,0,0,0,0,0,0,0,5.535,58695.952,550.783,0,0,0.001,12.545,0,0,1.343,2.133,0,0.002,0,0,0,0.001,0.002,0,0.002,3.424,13.492,1.614,0,0,0,0,0,0,0,0,0,0,0,0,0,0,0,0,0,0,0,0,0,0,0,0,0,0,0,0,0,0,0,0,0,0,0,0.001,0.002,773.369,0,0,0,0,0,0,0,0,0,0,0,0,0,0,0,0,0,0,0,0,0,0,0,0,0,0,0,0,0,0,0,5.034,0.001,271.552,0,0.001,0,0,0,0,0,0,0,0,0,0,0,0,0,0.022,0,0,0,0,0,0,0,0,0,0,0,0,0,0,0,0,0,0,0,0,0,0,0,0,0,0,0,0,0,0,0,0,0,0,0,0,0,0,0.001,0,0
17,0,0,0,0,0,0,0,0,0,0,0,0,0,0,16.271,46.512,81951.707,358.131,115.581,11.975,532.161,0,2562.788,1069.865,715.706,0,0.005,0,0,0,0.002,0.004,0,49.708,2008.196,38.381,0.003,0,0,0,0,0,0,0,0,0,0,0,0,0,0,0,0,0,0,0,0,0,0,0,0,0,0,0,0,0,0,0,0,0,0,0,0.002,0.005,1527.527,0,0,0,0,0,0,0,0,0,0,0,0,0,0,0,0,0,0,0,0,0,0,0,0,0,0,0,0,0.001,0.001,0,10.237,0.001,370.845,0.001,0.001,0,0,0,0,0,0,0,0,0,0,0,0,0,0.051,0,0,0,0,0,0,0,0,0,0,0,0,0,0,0,0,0,0,0,0,0,0,0,0,0,0,0,0,0,0,0,0,0,0,0,0,0,0,0.003,0,0
18,0,0,0,0,0,0,0,0,0,0,0,0,0,0,20.13,0,447.037,34343.642,20.906,37.086,0,0,16.273,319.467,0,0,0.001,0,0,0,0,0.001,0,0.001,38.128,0.001,0.001,0,0,0,0,0,0,0,0,0,0,0,0,0,0,0,0,0,0,0,0,0,0,0,0,0,0,0,0,0,0,0,0,0,0,0,0,0.001,300.968,0,0,0,0,0,0,0,0,0,0,0,0,0,0,0,0,0,0,0,0,0,0,0,0,0,0,0,0,0,0,0,7.536,0,232.333,0,0,0,0,0,0,0,0,0,0,0,0,0,0,0,0.01,0,0,0,0,0,0,0,0,0,0,0,0,0,0,0,0,0,0,0,0,0,0,0,0,0,0,0,0,0,0,0,0,0,0,0,0,0,0,0.001,0,0
19,0,0,0,0,0,0,0,0,0,0,0,0,0,0,34.033,7.975,28.793,0,66964.499,438.789,73.505,228.861,118.318,948.477,724.44,0,0.002,0,0,0,0.001,0.002,0,0.002,18.708,0.001,0.001,0,0,0,0,0,0,0,0,0,0,0,0,0,0,0,0,0,0,0,0,0,0,0,0,0,0,0,0,0,0,0,0,0,0,0,0.001,0.002,100.744,0,0,0,0,0,0,0,0,0,0,0,0,0,0,0,0,0,0,0,0,0,0,0,0,0,0,0,0,0,0,0,6.876,0,415.313,0,0.001,0,0,0,0,0,0,0,0,0,0,0,0,0,0.02,0,0,0,0,0,0,0,0,0,0,0,0,0,0,0,0,0,0,0,0,0,0,0,0,0,0,0,0,0,0,0,0,0,0,0,0,0,0,0.001,0,0
20,0,0,0,0,0,0,0,0,0,0,0,0,0,0,12.692,0.001,85.067,424.118,7620.212,137262.388,3.657,0,629.67,1004.108,1262.903,0,0.004,0,0,0,0.002,0.004,0,0.005,0.008,428.511,0.003,0,0,0,0,0,0,0,0,0,0,0,0,0,0,0,0,0,0,0,0,0,0,0,0,0,0,0,0,0,0,0,0,0,0,0,0.001,0.004,1941.439,0,0,0,0,0,0,0,0,0,0,0,0,0,0,0,0,0,0,0,0,0,0,0,0,0,0,0,0,0,0,0,33.32,0.001,698.962,0.001,0.001,0,0,0,0,0,0,0,0,0,0,0,0,0,0.046,0,0,0,0,0,0,0,0,0,0,0,0,0,0,0,0,0,0,0,0,0,0,0,0,0,0,0,0,0,0,0,0,0,0,0,0,0,0,0.003,0,0
21,0,0,0,0,0,0,0,0,0,0,0,0,0,0,31.832,2.223,40.221,0,113.248,2.443,260194.546,0,4.289,277.204,0.001,0,2265.64,0,0,0,0.001,0.001,0,0.002,0.003,0.001,0.001,0,0,0,0,0,0,0,0,0,0,0,0,0,0,0,0,0,0,0,0,0,0,0,0,0,0,0,0,0,0,0,0,0,0,0,0,0.001,349.354,0,0,0,0,0,0,0,0,0,0,0,0,0,0,0,0,0,0,0,0,0,0,0,0,0,0,0,0,0,0,0,12.769,0,269.565,0,0,0,0,0,0,0,0,0,0,0,0,0,0,0,0.015,0,0,0,0,0,0,0,0,0,0,0,0,0,0,0,0,0,0,0,0,0,0,0,0,0,0,0,0,0,0,0,0,0,0,0,0,0,0,0.001,0,0
22,0,0,0,0,0,0,0,0,0,0,0,0,0,0,2.805,0,0.001,0,36.529,0,0,13607.131,0,118.399,0.001,0,0.001,0,0,0,0,0.001,0,0.001,0.002,0.001,0.001,0,0,0,0,0,0,0,0,0,0,0,0,0,0,0,0,0,0,0,0,0,0,0,0,0,0,0,0,0,0,0,0,0,0,0,0,0.001,139.398,0,0,0,0,0,0,0,0,0,0,0,0,0,0,0,0,0,0,0,0,0,0,0,0,0,0,0,0,0,0,0,0,0,26.902,0,0,0,0,0,0,0,0,0,0,0,0,0,0,0,0.011,0,0,0,0,0,0,0,0,0,0,0,0,0,0,0,0,0,0,0,0,0,0,0,0,0,0,0,0,0,0,0,0,0,0,0,0,0,0,0.001,0,0
23,0,0,0,0,0,0,0,0,0,0,0,0,0,0,7.026,0,22.475,401.621,299.476,77.155,0,0,63298.647,3205.61,0.001,0,0.001,0,0,0,0.001,0.001,0,0.002,13.04,1.225,0.001,0,0,0,0,0,0,0,0,0,0,0,0,0,0,0,0,0,0,0,0,0,0,0,0,0,0,0,0,0,0,0,0,0,0,0,0,0.001,1292,0,0,0,0,0,0,0,0,0,0,0,0,0,0,0,0,0,0,0,0,0,0,0,0,0,0,0,0,0,0,0,8.782,0,191.025,0,0,0,0,0,0,0,0,0,0,0,0,0,0,0,0.014,0,0,0,0,0,0,0,0,0,0,0,0,0,0,0,0,0,0,0,0,0,0,0,0,0,0,0,0,0,0,0,0,0,0,0,0,0,0,0.001,0,0
24,0,0,0,0,0,0,0,0,0,0,0,0,0,0,18.944,8.433,391.559,512.649,1437.532,239.964,151.869,0,657.255,126562.225,134.22,0,0.004,0,0,0,0.002,0.004,0,0.005,0.008,44.546,24.863,0,0,0,0,0,0,0,0,0,0,0,0,0,0,0,0,0,0,0,0,0,0,0,0,0,0,0,0,0,0,0,0,0,0,0,0.002,6.003,1940.384,0,0,0,0,0,0,0,0,0,0,0,0,0,0,0,0,0,0,0,0,0,0,0,0,0,0,0,0,0,0,0,18.293,0.001,850.643,2.378,0.001,0,0,0,0,0,0,0,0,0,0,0,0,0,0.048,0,0,0,0,0,0,0,0,0,0,0,0,0,0,0,0,0,0,0,0,0,0,0,0,0,0,0,0,0,0,0,0,0,0,0,0,0,0,0.003,0,0
25,0,0,0,0,0,0,0,0,0,0,0,0,0,0,55.42,1.125,1014.54,0.001,193.341,59.353,0.002,0.001,0.002,593.013,188793.01,0,0.005,0,0,0,0.002,44.133,0,0.006,3.527,0.004,0.003,0,0,0,0,0,0,0,0,0,0,0,0,0,0,0,0,0,0,0,0,0,0,0,0,0,0,0,0,0,0,0,0,0,0,0,0.002,0.005,2709.052,0,0,0,0,0,0,0,0,0,0,0,0,0,0,0,0,0,0,0,0,0,0,0,0,0,0,0,0,0.001,0.001,0.001,47.798,0.001,849.989,0.001,0.002,0,0,0,0,0,0,0,0,0,0,0,0,0,0.057,0,0,0,0,0,0,0,0,0,0,0,0,0,0,0,0,0,0,0,0,0,0,0,0,0,0,0,0,0,0,0,0,0,0,0,0,0,0,0.004,1.003,0
26,0,0,0,0,0,0,0,0,0,0,0,0,0,0,40.198,0,0,0,0,0,0,0,0,0,0,33071.842,899.267,0,0,0,0,0.596,118.614,0,2425.132,0.002,1.919,454.293,8.304,0.561,0,0,0,0,0,37.046,24.62,0.003,0.001,2.643,0.003,0.004,1.366,0.004,0.004,0.015,0.004,28.678,0.001,0,0,0,0,0.004,0.004,437.735,0,0,0,0,0.007,952.908,1.907,44.322,313.434,0,0,0,0,0,0,0,0,0,0,0,0,0,0,0,0,0,0,0,0,0,0,0,0,0,0,0,0,0,0,0,11.433,0.001,230.524,2.232,0.001,0,0,0,0,0,0,0,0,0,0,0,0,0,0.225,0,0,0,0,0,0,0,0,0,0,0,0,0,0,0,0,0,0,0,0,0,0,0,0,0,0,0,0,0,0,0.001,0,0,0,0,0,0,0,0.014,0,0
27,0,0,0,0,0,0,0,0,0,0,0,0,0,0,0.525,0,0,0,0,0,254.473,0,0,0,0,56.522,18071.455,0,0,0,0,0,1.582,0,49.398,0.001,0.001,0.131,0.412,11.357,0,0,0,0,0,0,0,0,0,0,0,0,0,0,0,0,0,0,0,0,0,0,0,0,0,0,0,0,0,0,0,0,0.001,12.777,77.029,0,0,0,0,0,0,0,0,0,0,0,0,0,0,0,0,0,0,0,0,0,0,0,0,0,0,0,0,0,0,0,4.936,0,52.001,0.202,0,0,0,0,0,0,0,0,0,0,0,0,0,0,0.061,0,0,0,0,0,0,0,0,0,0,0,0,0,0,0,0,0,0,0,0,0,0,0,0,0,0,0,0,0,0,0,0,0,0,0,0,0,0,0.004,0,0
28,0,0,0,0,0,0,0,0,0,0,0,0,0,0,66.44,0,0,0,0,0,0,0,0,0,0,0,0,47301.346,25.991,189.991,0.001,0.002,0,0,26.231,0.012,0.01,0.001,0,0,0,0,0,0,0,0.004,0.001,0.001,0,0,0,0,0,0,0,0,0,0,0,0,0,0,0,0,0,0,0,0,0,0,9.506,0.009,3.211,9.439,576.047,0,0,0,0,0,0,0,0,0,0,0,0,0,0,0,0,0,0,0,0,0,0,0,0,0,0,0,0,0,0,0,0,0.001,118.718,0,0.001,0,0,0,0,0,0,0,0,0,0,0,0,0,0.075,0,0,0,0,0,0,0,0,0,0,0,0,0,0,0,0,0,0,0,0,0,0,0,0,0,0,0,0,0,0,0,0,0,0,0,0,0,0,0.005,2.515,0
29,0,0,0,0,0,0,0,0,0,0,0,0,0,0,107.943,0,0,0,0,0,0,0,0,0,0,0,0,295.316,20724.133,198.878,0.001,0.002,0,0,0.019,0.009,0.007,0,0,0,0,0,0,0,0,0.003,31.125,0.001,0,0,0,0,0,0,0,0,0,0,0,0,0,0,0,0,0,0,0,0,0,0,0.002,0.007,2.376,6.984,218.152,0,0,0,0,0,0,0,0,0,0,0,0,0,0,0,0,0,0,0,0,0,0,0,0,0,0,0,0,0,0,0,1.064,0,42.797,0,0,0,0,0,0,0,0,0,0,0,0,0,0,0,0.056,0,0,0,0,0,0,0,0,0,0,0,0,0,0,0,0,0,0,0,0,0,0,0,0,0,0,0,0,0,0,0,0,0,0,0,0,0,0,0.004,63.283,0
30,0,0,0,0,0,0,0,0,0,0,0,0,0,0,566.76,0,0,0,0,0,0,0,0,0,0,0,0,3468.199,216.01,61273.068,0.002,17.849,0,0,0.045,0.02,0.017,98.434,0.001,32.323,0,0,0,0,0,129.848,293.482,0.001,0,0,0,0,0,0,0,0,0,0,0,0,0,0,0,0,0,0,0,0,0,0,1047.629,0.016,5.538,14.922,599.868,0,0,0,0,0,0,0,0,0,0,0,0,0,0,0,0,0,0,0,0,0,0,0,0,0,0,0,0,0,0,0,19.833,0.001,110.262,0,0.001,0,0,0,0,0,0,0,0,0,0,0,0,0,0.129,0,0,0,0,0,0,0,0,0,0,0,0,0,0,0,0,0,0,0,0,0,0,0,0,0,0,0,0,0,0,0.001,0,0,0,0,0,0,0,0.008,234.281,0
31,0,0,0,0,0,0,0,0,0,0,0,0,0,0,74.857,0,0,0,0,0,0,0,0,0,0,49.127,0,182.006,0,0,49867.972,5065.096,0.001,0,8.115,0,0,0.627,0.001,0.001,0,0,0,0,0,0,0,0,0,0,0,0,0,0,0,0,0,0,0,0,0,0,0,0,0,0,0,0,0,0,0,0,0.006,0.019,23.233,0,0,0,0,0,0,0,0,0,0,0,0,0,0,0,0,0,0,0,0,0,0,0,0,0,0,0,0,0,0,0,16.273,0.001,256.005,0,0.001,0,0,0,0,0,0,0,0,0,0,0,0,0,0.114,0,0,0,0,0,0,0,0,0,0,0,0,0,0,0,0,0,0,0,0,0,0,0,0,0,0,0,0,0,0,0.001,0,0,0,0,0,0,0,0.007,0,0
32,0,0,0,0,0,0,0,0,0,0,0,0,0,0,48.334,0,0,0,0,0,0,0,0,0,0,197.792,0,0,0,26.772,3965.177,95542.961,193.428,0,15.753,0.001,1.122,380.286,28.149,25.727,0,0,0,0,0,0,0,0,0,0,0,0,0,67.072,0,0.001,0,0,0.069,0,0,0,0,0,0,0,0,0,0,0,0,0,168.666,562.681,1251.975,0,0,0,0,0,0,0,0,0,0,0,0,0,0,0,0,0,0,0,0,0,0,0,0,0,0,0,0,0,0,0,93.759,0.001,581.55,289.663,0.001,0,0,0,0,0,0,0,0,0,0,0,0,0,0.208,0,0,0,0,0,0,0,0,0,0,0,0,0,0,0,0,0,0,0,0,0,0,0,0,0,0,0,0,0,0,0.001,0,0,0,0,0,0,0,0.013,501.585,0
33,0,0,0,0,0,0,0,0,0,0,0,0,0,0,20.412,0,0,0,0,0,0,0,0,0,0,581.479,35.288,0,0,18.045,0,525.613,39478.763,0,0,0,0,186.825,0,0,0,0,0,0,0,35.37,0.002,0.001,59.063,45.55,0.015,25.478,0.019,9.374,0.002,0.006,2.798,0.004,0,0.004,0.005,0.009,10.443,0,0,0,0,0,0,0,24.167,0.008,0.001,1613.042,575.271,0,0,0,0,0,0,0,0,0,0,0,0,0,0,0,0,0,0,0,0,0,0,0,0,0,0,0,0,0,0,0,208.975,0,134.459,16535.437,0,0,0,0,0,287.786,0,0,0,0,0,0,0,0,0.295,0,0,0,0,0,0,0,0,0,0,0,0,0,0,0,0,0,0,0,0,0,0,0,0,0,0,0,0,0,0,0.002,0,0,0,0,0,0,0,0.019,155.716,0
34,0,0,0,0,0,0,1.05,0,0,22.889,0,0,0,0,182.369,0,0,0,0,0,0,0,0,0,0,0,0,0,0,0,0,0,0,504748.49,23120.289,0.001,86.624,0,0,74.941,69.221,0,0.001,0.001,0.001,0,0,0,0,0,0,0,0,0,0,0,0,0,0,0,4.198,0.001,0.001,0,0,0,0,0,0,0,0,0,0,0,7733.605,0,0,0,0,0,0,0,0,0,0,0,0,0,0,0,0,0,0,0,0,0,0,0,0,0,0,0,0,0.001,0.001,0.001,18.95,0.001,351.08,0.001,0.002,0,0,0,0,0,0,0,0,0,0,0,0,0,0.16,0,0,0,0,0,0,0,0,0,0,0,0,0,0,0,0,0,0,0,0,0,0,0,0,0,0,0,0,0,0,0.001,0,0,0,0,0,0,0,0.01,0,0
35,0,0,0,0,0,0,0,0,0,0,0,0,0,0,117.366,21.084,5199.812,0.001,0.002,0.005,0.004,0.001,0.003,53.081,3213.188,1.471,578.385,0.001,1.283,0.001,0.001,45.831,0,9619.827,365864.595,129.334,1805.904,1875.874,105.814,68.696,0,1.314,0.001,0.637,0.001,4.52,0.005,0.002,0.001,52.551,14.468,4.43,0.005,416.253,8.569,0.012,96.853,0.836,0.001,0.004,0.006,9.263,27.012,0.005,0.004,0.579,0,0,0,0,0,0,137.964,148.792,3325.316,0,0,0,0,0,0,0,0,0,0,0,0,0,0,0,0,0,0,0,0,0,0,0,0,0,0,0,0,0.001,0.001,0.001,137.789,0.002,4059.398,0.001,0.003,0,0,0,0,0,0,0,0,0,0,0,0,0,0.134,0,0,0,0,0,0,0,0,0,0,0,0,0,0,0,0,0,0,0,0,0,0,0,0,0,0,0,0,0,0,0.001,0,0,0,0,0,0,0,0.009,0,0
36,0,0,0,0,0,0,0,0,0,0,0,0,0,0,24.418,28.574,0.003,644.292,0.001,0.003,0.002,0.001,0.002,107.008,0.003,0.003,0.009,0,0,0.001,0,0.001,0,0.003,1140.19,325817.415,796.224,1.002,0.001,0.004,0,0,0,0.001,0,0.005,0.002,0.001,0,0.01,0.002,0.003,0.002,0.002,0.002,0.006,0.002,521.317,0,0.002,0.003,0.005,0.007,0.003,0.002,0.002,0,0,0,0,0,0,1171.173,0.015,3443.577,0,0,0,0,0,0,0,0,0,0,0,0,0,0,0,0,0,0,0,0,0,0,0,0,0,0,0,0,0.001,0.001,0.001,249.521,0.001,74763.915,0.001,0.002,0,0,0,0,0,0,0,0,0,0,0,0,0,0.07,0,0,0,0,0,0,0,0,0,0,0,0,0,0,0,0,0,0,0,0,0,0,0,0,0,0,0,0,0,0,0,0,0,0,0,0,0,0,0.004,0,0
37,0,0,0,0,0,0,0,0,0,0,0,0,0,0,18.932,0.001,0.003,0,0.001,0.002,0.002,0,0.001,12.324,40.383,0.002,0.008,0,0,0.666,0,37.656,0,207.09,2746.617,1297.132,125782.815,3.34,6.999,1.55,0,0,0,0,0,28.624,0.002,0.001,0,0.008,21.239,0.002,0.002,0.001,0.001,0.005,0.002,0.004,0,17.6,24.008,0.004,4.967,0.002,0.002,0.002,0,0,0,0,0,0,0.004,616.813,4372.477,0,0,0,0,0,0,0,0,0,0,0,0,0,0,0,0,0,0,0,0,0,0,0,0,0,0,0,0,0,0,0,59.896,0.001,3091.366,0,0.001,0,0,0,0,0,0,0,0,0,0,0,0,0,0.058,0,0,0,0,0,0,0,0,0,0,0,0,0,0,0,0,0,0,0,0,0,0,0,0,0,0,0,0,0,0,0,0,0,0,0,0,0,0,0.004,0,0
38,0,0,0,0,0,0,0,0,0,0,0,0,0,0,92.539,0,0,0,0,0,0,0,0,0,0,816.147,0,0.009,0.009,182.461,16.068,517.965,25.32,1.899,1674.008,0.004,3.577,175471.677,163.119,66.867,0,2.79,1.422,0.001,0,79.41,270.641,47.282,1.677,44.608,63.068,66.091,0.003,9.211,0.021,0.078,54.881,103.811,0.004,265.723,1.782,0.005,13.244,0.011,0.008,171.555,0.004,0.001,0.001,18.023,261.711,358.002,38.532,2214.761,1103.18,0,0,0,0,0,0,0,0,0,0,0,0,0,0,0,0,0,0,0,0,0,0,0,0,0,0,0,0,0,0,0,142.117,0.001,1299.85,146.657,0.001,0,0,0,0,0,0,0,0,0,0,0,0,0,0.18,0,0,0,0,0,0,0,0,0,0,0,0,0,0,0,0,0,0,0,0,0,0,0,0,0,0,0,0,0,0,0.001,0,0,0,0,0,0,0,0.012,228.339,0
39,0,0,0,0,0,0,0,0,0,0,0,0,0,0,43.709,0,0,0,0,0,0,0,0,0,0,172.64,0,0.005,0.004,0.01,0.821,3.124,0,0,3.881,0.002,10.966,47.226,41717.876,0.006,0,0,0,0,0,0.006,2.105,0.001,0.001,76.385,0.001,0.001,0.001,0.008,0.009,0.034,0.01,8.868,0.002,0.001,0.001,0.002,0.003,0.005,0.004,663.874,27.072,0,0,78.736,0.006,0.016,148.694,214.631,728.194,0,0,0,0,0,0,0,0,0,0,0,0,0,0,0,0,0,0,0,0,0,0,0,0,0,0,0,0,0,0,0,29.771,0,396.014,0,0.001,0,0,0,0,0,0,0,0,0,0,0,0,0,0.079,0,0,0,0,0,0,0,0,0,0,0,0,0,0,0,0,0,0,0,0,0,0,0,0,0,0,0,0,0,0,0.001,0,0,0,0,0,0,0,0.005,1.752,0
40,0,0,0,0,0,0,0,0.002,0.004,635.739,0,0,0,0,1203.234,0,0,0,0,0,0,0,0,0,0,24.284,412.469,0.001,1.242,21,0.003,25.108,0,149.732,160.167,0.02,45.536,176.768,0.016,115599.722,0.001,0.001,0.002,0.835,0.002,18.511,6.501,0.001,0,6.141,0.004,0.005,0.005,0,0,0,0,0,0,0.001,0.001,0.002,55.829,9.78,8.006,8.114,0.002,0,0,1.428,148.921,0.154,0.021,50.977,1509.848,0,0,0,0,0,0,0,0,0,0,0,0,0,0,0,0,0,0,0,0,0,0,0,0,0,0,0,0,0.001,0.001,0.001,46.601,0.003,1060.762,0.002,0.004,0,0,0,0,0,0,0,0,0,0,0,0,0,0.305,0,0,0,0,0,0,0,0,0,0,0,0,0,0,0,0,0,0,0,0,0,0,0,0,0,0,0,0,0,0,0.002,0,0,0,0,0,0,0,0.02,5.529,0
41,0,0,0,0,0,0,0,0,0,0,0,0,0,0,114.444,0,0,0,0,0,0,0,0,0,0,0.001,0,0,0,0,0,0,0,1043.684,0.002,0.001,0.001,0.059,0.027,0.01,106247.301,744.908,0,198.153,0,208.804,0,0,0,0.541,0,0,0,0,0,0.001,0,0.001,0,0,0,0,8.551,0,0,0,0,0,0,0,0.206,0.557,0,0,104.899,0,0,0,0,0,0,0,0,0,0,0,0,0,0,0,0,0,0,0,0,0,0,0,0,0,0,0,0,0,0,0,24.13,0,210.803,0,0,0,0,0,0,0,0,0,0,0,0,0,0,0,0.028,0,0,0,0,0,0,0,0,0,0,0,0,0,0,0,0,0,0,0,0,0,0,0,0,0,0,0,0,0,0,0,0,0,0,0,0,0,0,0.002,112.807,0
42,0,0,0,0,0,0,0,0,0,0,0,0,0,0,29.65,0,0,0,0,0,0,0,0,0,0,1.71,0,0,0,0,0,0,0,0.581,0.002,0.001,0.001,0.056,0.025,0.01,20051.337,6037.246,7.037,91.93,32.158,105.562,0.878,1.924,5.735,0.001,0,0,0,0,0,0.001,0,0.001,0,0,0,0,1.523,0,0,0,0,0,0,0,0.196,0.529,0,0,102.268,0,0,0,0,0,0,0,0,0,0,0,0,0,0,0,0,0,0,0,0,0,0,0,0,0,0,0,0,0,0,0,7.641,0,204.278,0,0,0,0,0,0,0,0,0,0,0,0,0,0,0,0.027,0,0,0,0,0,0,0,0,0,0,0,0,0,0,0,0,0,0,0,0,0,0,0,0,0,0,0,0,0,0,0,0,0,0,0,0,0,0,0.002,127.765,0
43,0,0,0,0,0,0,0,0,0,0,0,0,0,0,73.645,0,0,0,0,0,0,0,0,0,0,0.003,0,0,0,0,0.001,1.732,0,0.001,35.64,0.003,0.002,0.185,0.092,49.765,0,1.372,41436.071,681.035,0.001,0.919,0.001,14.002,286.127,48.075,0.001,0.001,0.001,0.001,0.001,0.004,0.001,0.003,0,0,0,0.001,20.281,0,0,0,0,0,0,0,0.713,1.283,0,0,332.917,0,0,0,0,0,0,0,0,0,0,0,0,0,0,0,0,0,0,0,0,0,0,0,0,0,0,0,0,0,0,0,9.269,0.001,91.297,0,0.001,0,0,0,0,0,0,0,0,0,0,0,0,0,0.098,0,0,0,0,0,0,0,0,0,0,0,0,0,0,0,0,0,0,0,0,0,0,0,0,0,0,0,0,0,0,0.001,0,0,0,0,0,0,0,0.006,221.669,0
44,0,0,0,0,0,0,0,0,0,0,0,0,0,0,48.433,0,0,0,0,0,0,0,0,0,0,0.004,0,0,0,0,0.001,0.001,0,0.001,232.651,0.003,0.002,0.204,0.096,62.553,155.734,0,440.474,61767.245,0.001,328.055,0.002,0.001,0,0.003,0.001,0.001,0.001,0.001,0.001,0.004,1.331,0.003,0,0,0,0.001,302.399,0,0,0,0,0,0,0,0.747,2.016,0,0,257.6,0,0,0,0,0,0,0,0,0,0,0,0,0,0,0,0,0,0,0,0,0,0,0,0,0,0,0,0,0,0,0,15.774,0.001,186.098,0,0.001,0,0,0,0,0,0,0,0,0,0,0,0,0,0.103,0,0,0,0,0,0,0,0,0,0,0,0,0,0,0,0,0,0,0,0,0,0,0,0,0,0,0,0,0,0,0.001,0,0,0,0,0,0,0,0.007,68.946,0
45,0,0,0,0,0,0,0,0,0,0,0,0,0,0,33.835,0,0,0,0,0,0,0,0,0,0,0.002,0,0,0,0,0,0.001,0,0,0.004,0.002,0.001,0.112,0.05,0.02,1.189,0,0,0.001,28006.922,104.091,0.001,158.424,10.746,0.002,0,154.309,10.652,0.001,0.001,0.002,0.001,0.001,0,0,0,0,0.001,0,0,0,0,0,0,0,0.391,1.056,0,0,302.878,0,0,0,0,0,0,0,0,0,0,0,0,0,0,0,0,0,0,0,0,0,0,0,0,0,0,0,0,0,0,0,16.21,0,107.342,0,0.001,0,0,0,0,0,0,0,0,0,0,0,0,0,0.054,0,0,0,0,0,0,0,0,0,0,0,0,0,0,0,0,0,0,0,0,0,0,0,0,0,0,0,0,0,0,0,0,0,0,0,0,0,0,0.003,43.861,0
46,0,0,0,0,0,0,0,0,0,0,0,0,0,0,225.025,0,0,0,0,0,0,0,0,0,0,64.138,0,0.002,0.001,8.39,0,0,5.501,1.345,13.26,0.007,0.006,319.049,63.321,4.018,89.183,2978.693,0.818,37.442,8.7,97959.35,364.901,118.091,55.573,726.238,15.045,270.786,117.498,1.297,0.005,0.019,0.005,286.874,0.001,1.856,141.67,41.703,10.983,3.501,2.143,504.595,121.314,0.001,0.002,7.814,31.895,0.026,25.638,779.13,1296.63,0,0,0,0,0,0,0,0,0,0,0,0,0,0,0,0,0,0,0,0,0,0,0,0,0,0,0,0,0.002,0.002,0.002,194.976,0.004,2515.549,8.201,0.005,0,0,0,0,0,0,0,0,0,0,0,0,0,0.164,0,0,0,0,0,0,0,0,0,0,0,0,0,0,0,0,0,0,0,0,0,0.002,0.002,0.002,0.002,0.002,0.001,0.002,0.002,0.003,551.405,0.002,0,0,0,0,0,0,0.01,1424.684,0
47,0,0,0,0,0,0,0,0,0,0,0,0,0,0,1915.91,0,0,0,0,0,0,0,0,0,0,12.889,0,0.001,5.935,197.707,0,0,0,0.001,2.453,0.003,0.002,196.705,0.001,146.407,0,1.701,1.514,0.001,0.001,541.863,104004.835,572.916,45.46,156.609,90.968,29.575,10.251,0.002,0.002,0.007,0.002,20.177,0,0.001,0.001,0.002,5.071,0.005,39.444,3.478,0.003,0,0.001,0.003,32.645,0.01,0.006,52.305,1372.078,0,0,0,0,0,0,0,0,0,0,0,0,0,0,0,0,0,0,0,0,0,0,0,0,0,0,0,0,0.001,0.001,0.001,84.539,0.001,1575.857,1.518,0.002,0,0,0,0,0,0,0,0,0,0,0,0,0,0.063,0,0,0,0,0,0,0,0,0,0,0,0,0,0,0,0,0,0,0,0,0,0.001,0.001,0.001,0.001,0.001,0,0.001,0.001,0.001,212.432,0.001,0,0,0,0,0,0,0.004,733.854,0
48,0,0,0,0,0,0,0,0,0,0,0,0,0,0,110.786,0,0,0,0,0,0,0,0,0,0,28.178,0,0,0,0.001,0,0,0,2.471,2.435,0.001,4.592,5.572,0,0.009,9.82,1.696,0,0,0,228.886,476.542,62486.765,250.396,219.108,0.001,498.806,4.272,0.001,0.001,0.003,11.345,0.002,0,0,7.122,0.001,3.369,0.002,5.912,54.15,34.4,0,0,0.001,0.001,0.004,0.002,57.807,267.771,0,0,0,0,0,0,0,0,0,0,0,0,0,0,0,0,0,0,0,0,0,0,0,0,0,0,0,0,0,0,0,47.681,0.001,703.89,0,0.001,0,0,0,0,0,0,0,0,0,0,0,0,0,0.025,0,0,0,0,0,0,0,0,0,0,0,0,0,0,0,0,0,0,0,0,0,0,0,0,338.638,0,0,0,0,0,84.615,0,0,0,0,0,0,0,0.002,412.204,0
49,0,0,0,0,0,0,0,0,0,0,0,0,0,0,20.299,0,0,0,0,0,0,0,0,0,0,0.002,0,0,0,0,0,0,38.182,0,0.002,0.001,7.626,8.637,0,0.006,5.929,0,3.007,0,0,26.543,33.261,89.855,24455.986,0.002,0,3.667,0,0,0.001,0.002,1.885,0.001,0,0,0,0,0.001,0.001,0.001,22.983,0.001,0,0,0.001,0.001,0.003,0.002,46.067,78.399,0,0,0,0,0,0,0,0,0,0,0,0,0,0,0,0,0,0,0,0,0,0,0,0,0,0,0,0,0,0,0,8.088,0,198.1,22.081,0,0,0,0,0,0,0,0,0,0,0,0,0,0,0.017,0,0,0,0,0,0,0,0,0,0,0,0,0,0,0,0,0,0,0,0,0,0,0,0,0,0,0,0,0,0,56.236,0,0,0,0,0,0,0,0.001,308.299,0
50,0,0,0,0,0,0,0,0,0,0,1.546,0,0,0,633.922,0,0,0,0,0,0,0,0,0,0,0,0,0,0,0,0,0,0,0,17.224,0.008,71.573,16.457,34.318,73.648,12.129,0.005,0.009,8.375,0.008,289.031,162.064,399.179,1.866,238525.756,538.823,89.128,82.574,0.005,0.006,0.022,1.281,16.071,0.001,26.494,245.5,51.476,46.327,671.6,121.367,30.508,40.716,18.78,0.003,1.834,5.586,63.464,27.491,26.903,4282.312,0,0,0,0,0,0,0,0,0,0,0,0,0,0,0,0,0,0,0,0,0,0,0,0,0.001,11.358,0.001,0,0.002,0.002,0.002,474.612,0.005,7900.418,0.003,0.007,0,0,0,0,0,0,0,0,0,0,0,0,0,0.19,0,0,0,0,0,0,0,0,0,0,0,0,0,0,0,0,0,0,0,0,0,0,0,0,0,0,0,0,0,0,0.001,0,0,0,0,0,0,0,0.012,95.494,0
51,0,0,0,0,0,0,0,0,0,0,0.279,0,0,0,26.711,0,0,0,0,0,0,0,0,0,0,0,0,0,0,0,0,0,0,0,0.003,0.001,0.949,0.017,0.008,0.008,0.001,0.001,0.002,0.002,0.001,1.949,0.002,0.001,0,82.641,23417.552,0.001,0.001,402.438,0.001,0.003,40.475,96.757,0,0,892.304,0.001,3.886,2.16,0.002,0.002,0.002,0,0,0.002,0.002,0.004,0.685,0.003,89.733,0,0,0,0,0,0,0,0,0,0,0,0,0,0,0,0,0,0,0,0,0,0,0,0,0,0.001,0,0,0,0,0,75.381,0.001,2775.998,0,0.001,0,0,0,0,0,0,0,0,0,0,0,0,0,0.033,0,0,0,0,0,0,0,0,0,0,0,0,0,0,0,0,0,0,0,0,0,0,0,0,0,0,0,0,0,0,0,0,0,0,0,0,0,0,0.002,0,0
52,0,0,0,0,0,0,0,0,0,0,0.349,0,0,0,82.275,0,0,0,0,0,0,0,0,0,0,0,0,0,0,0,0,0,0,0,0.945,0.002,1.781,15.256,0.008,70.968,0.001,0.001,0.002,0.003,2.316,152.426,35.041,590.162,33.804,80.051,0.958,29132.839,42.594,2.982,0.001,0.005,0.001,0.003,0,0,0.001,3.375,0.001,0.002,0.002,149.947,1.31,0,0.001,0.003,0.003,0.008,0.642,12.512,625.689,0,0,0,0,0,0,0,0,0,0,0,0,0,0,0,0,0,0,0,0,0,0,0,0,0,0.001,0,0,0,0.001,0,42.24,0.001,935.282,0.001,0.001,0,0,0,0,0,0,0,0,0,0,0,0,0,0.042,0,0,0,0,0,0,0,0,0,0,0,0,0,0,0,0,0,0,0,0,0,0,0,0,0,0,0,0,0,0,0,0,0,0,0,0,0,0,0.003,162.416,0
53,0,0,0,0,0,0,0,0,0,0,0.323,0,0,0,45.367,0,0,0,0,0,0,0,0,0,0,0,0,0,0,0,0,0,0,0,0.004,0.002,0.001,0.02,7.387,0.01,0.001,0.001,0.002,0.003,0.002,16.089,0.002,18.283,0,18.183,0.001,0.001,36761.404,0.001,0.001,0.004,0.001,0.003,0,0,0.001,9.393,0.001,0.002,0.002,222.846,113.857,0,0.001,23.58,0.003,0.007,4.728,4.345,131.245,0,0,0,0,0,0,0,0,0,0,0,0,0,0,0,0,0,0,0,0,0,0,0,0,0,0.001,0,0,0,0,0,38.406,0.001,1818.241,0.001,0.001,0,0,0,0,0,0,0,0,0,0,0,0,0,0.038,0,0,0,0,0,0,0,0,0,0,0,0,0,0,0,0,0,0,0,0,0,0,0,0,0,0,0,0,0,0,0,0,0,0,0,0,0,0,0.002,87.068,0
54,0,0,0,0,0,0,0,0,0,0,0,0,0,0,6.504,0,0,0,0,0,0,0,0,0,0,2.583,0,0,0,0,0,0.827,0,0,222.666,0.004,7.995,73.831,0.002,10.499,0,0,0.001,0.001,0.001,0.005,0.002,0.001,0,0.005,161.615,0.001,0.001,21821.411,2.513,0.003,402.568,19.676,127.188,0.001,0.001,2.844,0.001,0.002,0.002,0.002,0.001,0,0,0.001,0,0,0.004,0.011,189.724,0,0,0,0,0,0,0,0,0,0,0,0,0,0,0,0,0,0,0,0,0,0,0,0,0,0,0,0,0,0,0,271.629,0.001,22036.234,0,0.001,0,0,0,0,0,0,0,0,0,0,0,0,0,0.047,0,0,0,0,0,0,0,0,0,0,0,0,0,0,0,0,0,0,0,0,0,0,0,0,0,0,0,0,0,0,0,0,0,0,0,0,0,0,0.003,0,0
55,0,0,0,0,0,0,0,0,0,0,0,0,0,0,17.592,0,0,0,0,0,0,0,0,0,0,3.289,0,0,0,0,0,0,0,0,0.011,0.005,0.004,0.005,0.002,0.001,0,0,0.001,0.001,0.001,0.006,0.003,0.001,0,0.006,0.001,0.001,0.001,88.154,52728.527,204.049,25.055,95.971,0,0.001,0.001,2.286,9.255,0.003,0.002,1.117,31.183,0,0,0.002,0,0,20.742,36.265,116.487,0,0,0,0,0,0,0,0,0,0,0,0,0,0,0,0,0,0,0,0,0,0,0,0,0,0,0,0,0,0,0,158.368,0.001,15758.287,0.001,0.001,0,0,0,0,0,0,0,0,0,0,0,0,0,0.056,0,0,0,0,0,0,0,0,0,0,0,0,0,0,0,0,0,0,0,0,0,0,0,0,0,0,0,0,0,0,0,0,0,0,0,0,0,0,0.004,0,0
56,0,0,0,0,0,0,0,0,0,0,0,0,0,0,0,0,0,0,0,0,0,0,0,0,0,0.133,0,0,0,0,0,0,0,0,0,0,0,0,0,0,0,0,0,0,0,0,0,0,0,0,0,0,0,0,0.55,5929.82,0,0,0,0,0,0,0,0,0,0,0,0,0,0,0,0,0,0,11.964,0,0,0,0,0,0,0,0,0,0,0,0,0,0,0,0,0,0,0,0,0,0,0,0,0,0,0,0,0,0,0,4.387,0,32.212,0,0,0,0,0,0,0,0,0,0,0,0,0,0,0,0.002,0,0,0,0,0,0,0,0,0,0,0,0,0,0,0,0,0,0,0,0,0,0,0,0,0,0,0,0,0,0,0,0,0,0,0,0,0,0,0,0,0
57,0,0,0,0,0,0,0,0,0,0,0,0,0,0,11.395,0,0,0,0,0,0,0,0,0,0,3.194,0,0,0,0,0,0,0,0,52.817,0.004,0.004,0.005,0.002,2.341,0,0,10.105,45.379,0.001,1.561,5.427,0.001,0,8.406,57.69,0.001,0.001,82.857,10.278,33.011,151970.272,48.539,0.804,60.997,142.495,13.303,180.758,0.003,0.002,0.002,0.002,0,0,0.001,0,0,0.004,0.013,1143.827,0,0,0,0,0,0,0,0,0,0,0,0,0,0,0,0,0,0,0,0,0,0,0,0,0,0,0,0,0,0,0,585.012,0.001,36736.059,0,0.001,0,0,0,0,0,0,0,0,0,0,0,0,0,0.055,0,0,0,0,0,0,0,0,0,0,0,0,0,0,0,0,0,0,0,0,0,0,0,0,0,0,0,0,0,0,0,0,0,0,0,0,0,0,0.004,0,0
58,0,0,0,0,0,0,0,0,0,0,0,0,0,0,41.617,0,0,0,0,0,0,0,0,0,0,7.926,0,0,0,0,0.001,0.001,0,0,61.216,3.145,13.128,56.023,0.006,0.003,0.001,0.001,0.002,0.003,0.002,69.303,6.111,0.003,0.001,68.723,191.643,0.004,17.411,24.037,507.347,0.013,51.961,156590.608,2.711,0.002,0.002,35.532,115.392,0.007,0.006,4.562,575.098,0.001,0.001,0.004,0,0,1598.024,29.863,1215.302,0,0,0,0,0,0,0,0,0,0,0,0,0,0,0,0,0,0,0,0,0,0,0,0,0,0,0,0,0.001,0.001,0.001,500.27,0.003,15026.646,0.001,0.003,0,0,0,0,0,0,0,0,0,0,0,0,0,0.139,0,0,0,0,0,0,0,0,0,0,0,0,0,0,0,0,0,0,0,0,0,0,0,0,0,0,0,0,0,0,0.001,0,0,0,0,0,0,0,0.009,0,0
59,0,0,0,0,0,0,0,0,0,0,0,0,0,0,0.002,0,0,0,0,0,0,0,0,0,0,0.95,0,0,0,0,0,0,0.652,0,0.003,0.001,0.001,0.002,0.001,0,0,0,0,0,0,0.002,0.001,0,0,0.002,0,0,0,0,0,0.001,0,0.001,1236.029,0,0,25.72,0.001,0.001,0.001,0.001,0,0,0,0,0,0,0.001,0.004,11.328,0,0,0,0,0,0,0,0,0,0,0,0,0,0,0,0,0,0,0,0,0,0,0,0,0,0,0,0,0,0,0,15.125,0,86.041,66.191,0,0,0,0,0,0,0,0,0,0,0,0,0,0,0.016,0,0,0,0,0,0,0,0,0,0,0,0,0,0,0,0,0,0,0,0,0,0,0,0,0,0,0,0,0,0,0,0,0,0,0,0,0,0,0.001,0,0
60,0,0,0,0,0,0,0,0,0,0,0,0,0,0,8.777,0,0,0,0,0,0,0,0,0,0,0,0,0,0,0,0,0,0,0,0,0,0,70.609,0,0.557,0,0,0,0,0,0.003,6.503,0.001,0,0.598,0,0.001,0,0,0.797,0.002,0,0.001,0,11072.453,0,31.866,6.087,0,0,0,0,0,0,0,11.264,0.006,0,8.498,418.529,0,0,0,0,0,0,0,0,0,0,0,0,0,0,0,0,0,0,0,0,0,0,0,0,0,0,0,0,0,0,0,21.429,0,244.185,0,0.001,0,0,0,0,0,0,0,0,0,0,0,0,0,0.036,0,0,0,0,0,0,0,0,0,0,0,0,0,0,0,0,0,0,0,0,0,0,0,0,0,0,0,0,0,0,0,0,0,0,0,0,0,0,0.002,0,0
61,0,0,0,0,0,0,0,0,0,0,0,0,0,0,15.919,0,0,0,0,0,0,0,0,0,0,0,0,0,0,0,0,0.211,0,0,0,0,0,0.001,0.001,0.001,0,0,0,0,0,58.187,0.002,0.001,0,73.937,33.348,0.001,0.001,0.001,0.001,0.001,0.001,0.001,0,0,26252.064,3.337,0.001,0,0,0,0,0,0,0,0.002,0.007,1.337,1.092,422.559,0,0,0,0,0,0,0,0,0,0,0,0,0,0,0,0,0,0,0,0,0,0,0,0,0,0,0,0,0,0,0,13.743,0.001,457.332,0,0.001,0,0,0,0,0,0,0,0,0,0,0,0,0,0.041,0,0,0,0,0,0,0,0,0,0,0,0,0,0,0,0,0,0,0,0,0,0,0,0,0,0,0,0,0,0,0,0,0,0,0,0,0,0,0.003,0,0
62,0,0,0,0,0,0,0,0,0,0,0,0,0,0,48.28,0,0,0,0,0,0,0,0,0,0,0,0,0,0,0,0,0,0,0,0,0,0,0.003,0.001,0.001,0,0,0.001,1.527,0.001,31.695,25.833,2.024,0.001,8.112,0.762,0.001,196.412,0.836,0.001,101.37,2.991,54.14,2.468,0.001,0.001,38858.703,449.327,0,0,0.091,0,0.686,0,0,0.005,0.014,0.001,0.003,607.38,0,0,0,0,0,0,0,0,0,0,0,0,0,0,0,0,0,0,0,0,0,0,0,0,0,0,0,0,0,0,0,102.498,0.001,1557.083,0.001,0.001,0,0,0,0,0,0,0,0,0,0,0,0,0,0.081,0,0,0,0,0,0,0,0,0,0,0,0,0,0,0,0,0,0,0,0,0,0,0,0,0,0,0,0,0,0,0.001,0,0,0,0,0,0,0,0.005,0,0
63,0,0,0,0,0,0,0,0,0,0,0,0,0,0,25.058,0,0,0,0,0,0,0,0,0,0,0,0,0,0,0,0,7.229,0,3.454,0,0,0,0.004,0.002,77.281,1.827,0.001,8.505,564.418,0.001,1.758,0.006,0.002,0.001,21.589,0.001,0.002,0.002,0.002,0.001,11.18,125.145,1.732,0,36.244,1.314,76.961,49926.916,0.001,0,57.939,0,0,0,0,0.008,0.023,5.307,1.188,668.376,0,0,0,0,0,0,0,0,0,0,0,0,0,0,0,0,0,0,0,0,0,0,0,0,0,0,0,0,0.001,0.001,0.001,89.215,0.002,1106.516,0.001,0.002,0,0,0,0,0,0,0,0,0,0,0,0,0,0.134,0,0,0,0,0,0,0,0,0,0,0,0,0,0,0,0,0,0,0,0,0,0,0,0,0,0,0,0,0,0,0.001,0,0,0,0,0,0,0,0.009,0,0
64,0,0,0,0,0,0,0,0,0,0,0,0,0,0,190.409,0,0,0,0,0,0,0,0,0,0,0.001,0,0,0,0,0,0,0,0,0,0,0,0.001,0,0,0,0,0,0,0,0.003,0.001,0.001,0,0.003,0.001,0.001,0.568,0,0,0.001,0,0.001,0,0,0.001,0.001,0.001,518724.31,0.001,854.758,0.003,1.463,0.001,0.003,0,0,0,0.001,60.773,0,0,0,0,0,0,0,0,0,0,0,0,0,0,0,0,0,0,0,0,0,0,0,0,0,0,0,0,0,0,0,55.966,0.001,4063.14,0,0.001,0,0,0,0,0,0,0,0,0,0,0,0,0,0.046,0,0,0,0,0,0,0,0,0,0,0,0,0,0,0,0,0,0,0,0,0,0,0,0,0,0,0,0,0,0,0,0,0,0,0,0,0,0,0.003,0,0
65,0,0,0,0,0,0,0,0,0,0,0,0,0,0,115.831,0,0,0,0,0,0,0,0,0,0,24.28,0,0,0,0,0,0,0,0,0.001,0,0.278,0.001,0.453,0,0,0,0,4.803,0,0.004,14.02,1.098,0,33.975,0.001,0.001,0.001,0,0,0.002,0.001,0.001,0,0.001,0.001,0.002,0.002,8586.676,58731.3,331.692,0.005,3.561,0.001,6868.017,0,0,0,0.001,136.135,0,0,0,0,0,0,0,0,0,0,0,0,0,0,0,0,0,0,0,0,0,0,0,0,0,0,0,0,0,0,0,35.775,0.001,1441.159,0,0.001,0,0,0,0,0,0,0,0,0,0,0,0,0,0.075,0,0,0,0,0,0,0,0,0,0,0,0,0,0,0,0,0,0,0,0,0,0,0,0,0,0,0,0,0,0,0,0,0,0,0,0,0,0,0.005,0,0
66,0,0,0,0,0,0,0,0,0,0,0,0,0,0,237.878,0,0,0,0,0,0,0,0,0,0,425.817,0,0,0,0,0,0,0,0,0.001,0,1.355,41.134,34.319,0,0,0,0.001,0.521,6.018,661.158,0.003,3.214,1.596,60.229,0.002,612.723,334.283,1.108,1.196,586.984,0.001,1.042,0,0.983,1.171,75.234,34.857,27.009,24.843,203889.976,28.524,31.194,0.002,46.987,0,0,0.001,16.703,1884.865,0,0,0,0,0,0,0,0,0,0,0,0,0,0,0,0,0,0,0,0,0,0,0,0,0,0,0,0,0.001,0.001,0.001,250.628,0.001,10481.996,0.001,0.002,0,0,0,0,0,0,0,0,0,0,0,0,0,0.128,0,0,0,0,0,0,0,0,0,0,0,0,0,0,0,0,0,0,0,0,0,0,0,0,0,0,0,0,0,0,0.001,0,0,0,0,0,0,0,0.008,290.709,0
67,0,0,0,0,0,0,0,0,0,0,0,0,0,0,164.591,0,0,0,0,0,0,0,0,0,0,0,0,0,0,0,0,0,0,0,4.783,0.002,28.858,0.004,5.531,0,0,0,0.001,0.867,0.001,4.675,0.218,0,0,84.754,30.113,8.34,256.016,0.001,16.28,0.005,38.116,408.844,0,0.001,0.001,9.824,12.78,0.005,7.717,0.005,285338.135,0,0.001,106.765,0,0,0.001,0.003,773.601,0,0,0,0,0,0,0,0,0,0,0,0,0,0,0,0,0,0,0,0,0,0,0,0,0,0,0,0,0,0,0,514.113,0.001,20006.37,0.001,0.001,0,0,0,0,0,0,0,0,0,0,0,0,0,0.144,0,0,0,0,0,0,0,0,0,0,0,0,0,0,0,0,0,0,0,0,0,0,0,0,0,0,0,0,0,0,0.001,0,0,0,0,0,0,0,0.009,27.43,0
68,0,0,0,0,0,0,0,0,0,0,0,0,0,0,18.157,0,0,0,0,0,0,0,0,0,0,0,0,0,0,0,0,0,0,0,0.001,0,0,0.001,11.405,0,0,0,0,0,0,0.343,0,0.438,0,0.002,0,0.001,138.449,0,0,0.001,0,0.001,0,0,0,23.014,3.602,0.001,0.001,0.001,0.001,9068.404,0,1.4,0,0,0,0.001,22.111,0,0,0,0,0,0,0,0,0,0,0,0,0,0,0,0,0,0,0,0,0,0,0,0,0,0,0,0,0,0,0,11.47,0,0,0,0,0,0,0,0,0,0,0,0,0,0,0,0,0,0.026,0,0,0,0,0,0,0,0,0,0,0,0,0,0,0,0,0,0,0,0,0,0,0,0,0,0,0,0,0,0,0,0,0,0,0,0,0,0,0.002,9.261,0
69,0,0,0,0,0,0,0,0,0,0,0,0,0,0,1041.358,0,0,0,0,0,0,0,0,0,0,0,0,0,0,0,0,0,0,0,0.002,0.001,0.001,70.427,166.255,0,0,0,0,0.001,0,0,0,0,0,0.005,0.001,0.001,0.001,0.001,0.001,0.002,0.001,0.002,0,0,0.001,0.001,0.001,0.003,11.432,3.352,0.001,0,35965.824,17277.498,0,0,0,12.312,246.481,0,0,0,0,0,0,0,0,0,0,0,0,0,0,0,0,0,0,0,0,0,0,0,0,0,0,0,0,0,0,0,23.575,0,0,0,0.001,0,0,0,0,0,0,0,0,0,0,0,0,0,0.064,0,0,0,0,0,0,0,0,0,0,0,0,0,0,0,0,0,0,0,0,0,0,0,0,0,0,0,0,0,0,0,0,0,0,0,0,0,0,0.004,4.016,0
70,0,0,0,0,0,0,0,0,0,0,0,0,0,0,4.24,0,0,0,0,0,0,0,0,0,0,0,0,0,0,0,0,0,0,0,0.003,0.001,0.001,0.003,0.001,0,0,0,0,0.001,0,31.726,0,0,0,53.528,0.001,0.002,1.432,0.001,0.001,0.003,0.001,95.628,0,0.001,432.748,0.001,0.002,999.511,4654.986,12.533,0.002,0,8.42,26719.901,0,0,0.001,2.563,222.094,0,0,0,0,0,0,0,0,0,0,0,0,0,0,0,0,0,0,0,0,0,0,0,0,0,0,0,0,0,0,0,8.026,0.001,2024.93,0,0.001,0,0,0,0,0,0,0,0,0,0,0,0,0,0.08,0,0,0,0,0,0,0,0,0,0,0,0,0,0,0,0,0,0,0,0,0,0,0,0,0,0,0,0,0,0,0.001,0,0,0,0,0,0,0,0.005,0,0
71,0,0,0,0,0,0,0,0,0,0,0,0,0,0,288.683,0,0,0,0,0,0,0,0,0,0,3.91,5.992,7.212,14.244,294.441,0.13,0.252,2.11,0,0.006,0.003,6.134,3.711,0,17.066,0,11.948,0,0.001,0,27.601,19.729,4.057,3.005,19.525,0.554,0.001,0.001,0.001,0.001,0.003,0.001,0.708,0,3.274,10.035,0.001,1.842,0,0,0,0,0,0,0,48942.291,3559.892,42.556,54.243,462.034,0,0,0,0,0,0,0,0,0,0,0,0,0,0,0,0,0,0,0,0,0,0,0,0,0,0,0,0,0,0,0,50.936,0.001,155.899,19.63,0.001,0,0,0,0,0,0,0,0,0,0,0,0,0,0.153,0,0,0,0,0,0,0,0,0,0,0,0,0,0,0,0,0,0,0,0,0,0,0,0,0,0,0,0,0,0,0.001,0,0,0,0,0,0,0,0.01,0,0
72,0,0,0,0,0,0,0,0,0,0,0,0,0,0,0.426,0,0,0,0,0,0,0,0,0,0,2.813,0,0,0,0,0.001,0.002,0,0,0,0,0,0.141,0,0,0,0,0,0,0,3.388,0.376,0,0,0.056,0,0,0,0,0,0,0,0.321,0,0,0,0,0,0,0,0,0,0,0,0,5.125,9960.53,0,0.154,2.486,0,0,0,0,0,0,0,0,0,0,0,0,0,0,0,0,0,0,0,0,0,0,0,0,0,0,0,0,0,0,0,0.105,0,1.422,0,0,0,0,0,0,0,0,0,0,0,0,0,0,0,0.002,0,0,0,0,0,0,0,0,0,0,0,0,0,0,0,0,0,0,0,0,0,0,0,0,0,0,0,0,0,0,0,0,0,0,0,0,0,0,0,0,0
73,0,0,0,0,0,0,0,0,0,0,0,0,0,0,9.428,0.004,0.01,0.002,0.004,0.008,0.006,0.002,0.005,0.011,0.009,35.423,40.913,6.597,0.001,0.001,0.001,9.608,0.001,0,0.004,1.847,0.001,51.336,351.801,0.005,0,0,0.001,2.097,0.001,49.184,0.008,38.362,0.001,6.693,0.002,1.502,0.003,0.008,0.009,0.032,0.009,576.549,0.002,0.003,0.003,0.005,0.008,0.006,0.005,24.018,0.846,0,0,1.102,31.603,0.017,93475.991,19.497,5065.595,0,0,0,0,0,0,0,0,0,0,0,0,0,0,0,0,0,0,0,0,0,0,0,0,0,0,0,0,0.001,0.001,0.001,242.912,0.001,12511.145,429.855,0.002,0,0,0,0,0,0,0,0,0,0,0,0,0,0.15,0,0,0,0,0,0,0,0,0,0,0,0,0,0,0,0,0,0,0,0,0,0,0,0,0,0,0,0,0,0,0.001,0,0,0,0,0,0,0,0.01,0,0
74,0,0,0,0,0,0,0,0,0,0,0,0,0,0,323.402,0.002,0.006,0.001,0.002,0.004,0.003,0.001,0.003,0.006,1.6,32.527,1612.163,11.368,0,39.088,0.001,20.97,116.731,0,16.534,0.001,49.04,55.034,229.329,13.651,0.699,0.332,0.886,1.287,0,67.864,36.584,322.135,2.389,67.586,2.074,15.814,0.002,0.004,0.004,1919.473,2.909,9.135,1.438,25.259,0.002,0.003,0.004,0.003,0.003,7.136,8.536,0,0,0.001,139.866,0.009,0.521,71041.006,637.07,0,0,0,0,0,0,0,0,0,0,0,0,0,0,0,0,0,0,0,0,0,0,0,0,0,0,0,0,0,0,0,76.427,0.001,1018.4,1930.113,0.001,0,0,0,0,0,0,0,0,0,0,0,0,0,0.083,0,0,0,0,0,0,0,0,0,0,0,0,0,0,0,0,0,0,0,0,0,0,0,0,0,0,0,0,0,0,0.001,0,0,0,0,0,0,0,0.005,0,0
75,0,0,0,0.001,0.001,70.548,0,0,0,0,0,0,0,0,8977.382,0.002,0.007,0.001,0.003,0.006,2135.436,0.001,0.004,0.008,0.006,0,0,0,0,0,0,0,0,0,0,0,0,0,0,0,0,0,0,0,0,0,0,0,0,0.015,0.891,0.004,0.004,0,0,0,0,0,0,0,0,0,0,0.01,0.008,61.628,0,0,0,0,0,0,0.008,14.053,2547114.886,0,0,0,0,0,0,0,0,0,98.494,716.788,0.001,301.639,0,0,0,0,0,0,0,0,0,0,0,1707.736,11447.362,0,0,0.003,0.003,0.002,9492.397,0.006,1514.795,0.001,0.007,0,0.001,0.001,0.001,29.949,0.001,0.001,0.001,0.001,0,0,0,0,0.323,0,0,0,0,0,0,0,0,0,0,0,0,0,0,0,0,0,0,0,0,0,5993.229,25611.095,23259.466,27663.882,0.001,0.001,0.001,0.001,0.002,347.687,0.001,0,0,0,0,0,0,0.021,0,0
76,0,0,0,0,0,0,0,0,0,0,0,0,0,0,5.15,0,0,0,0,0,0,0,0,0,0,0,0,0,0,0,0,0,0,0,0,0,0,0,0,0,0,0,0,0,0,0,0,0,0,0,0,0,0,0,0,0,0,0,0,0,0,0,0,0,0,0,0,0,0,0,0,0,0,0,0,402123.998,0,0,0,0,0,0,0,0,0,0,0,0,0,0,0,0,0,1689.171,0,0,0,0,0,69.738,5.127,0,0,0,0,0,52.072,0,2.661,0,0,0,0,0,0,0,0,0,0,0,0,0,0,0,0.178,0,0,0,0,0,0,0,0,0,0,0,0,0,0,0,0,0,0,83.483,0,0,37012.41,0,0,1606.555,0,0,0,0,0,18.137,0,0,0,0,0,0,0,0.011,0,0
77,0,0,0,0,0,0,0,0,0,0,0,0,0,0,0,0,0,0,0,0,0,0,9939.896,0.001,0,0,0,0,0,0,0,0,0,0,0,0,0,0,0,0,0,0,0,0,0,0,0,0,0,0,0,0,0,0,0,0,0,0,0,0,0,0,0,0,0,0,0,0,0,0,0,0,0,0,0,0,297472.849,0,0,0,0,0,0,0,0,0,0,0,0,0,0,0,0,21.263,0,0,0,0,0,0,2.009,0,0,0,0,0,7.497,0,0.823,0,0,0,0,0,0,1.415,0,0,0,0,0,0,0,0,0.221,0,0,0,0,0,0,0,0,0,0,0,0,0,0,0,0,0,0.353,0.354,0,10263.419,0,0,0,0,0,0,0,0,0,0,0,0,0,0,0,0,0,0.014,0,0
78,0,0,0,0,0,0,0,0,0,0,0,0,0,0,1148.244,0,0.001,0,0,0,0,0,2649.053,0.001,0,0,0,0,0,0,0,0,0,0,0,0,0,0,0,0,0,0,0,0,0,0,0,0,0,0,0,0,0,0,0,0,0,0,0,0,0,0,0,0,0,0,0,0,0,0,0,0,0,0,0,0,0,335485.616,0,0,0,0,0,0,0,0,0,0,0,0,0,0,0,0,0,0,0,0,0,0,0,0,0,0.1,0.105,0,0,0.237,0,0.124,0.193,0,0,0,0,0,0,0,0,0,0,0,0,0,0,0,0,0,0,0,0,0,0,0,0,0,0,0,0,0,0,0,0,0,0,8594.754,1665.028,159.31,0,44.137,0,0,0,0,0,24.717,0,0,0,0,0,0,0,0.016,0,0
79,190.506,0.002,0,0,0,0,0,0,0,0,0,0,0,0,4345.673,0,0,0,0,0,0,0,0,0,0,0,0,0,0,0,0,0,0,0,0,0,0,0,0,0,0,0,0,0,0,0,0,0,0,0,0,0,0,0,0,0,0,0,0,0,0,0,0,0,0,0,0,0,0,0,0,0,0.004,5593.443,0,0,0,0,1615369.515,0,0,0,0,0,0,0,0,0,0,885.391,0,0,0,235.606,0,0,0,0,0,0.71,1390.558,0,0,0.001,0.001,0.001,2011.808,0.003,13103.001,0.002,47.833,0,0,0,0,102.322,0,0,0,0.001,0,0,0.001,135.16,8687.157,0.003,6.687,0.008,0.002,0.01,0.006,0,0,0,0,0,0,0,0,0,0,0.001,0.001,450.365,0,25313.957,3688.253,6053.111,0.001,5366.295,0.001,0,0.001,3961.299,0.001,260.26,0.001,0,0,0,0,0,0,0.022,0,0
80,0,0,0,0,0,860.788,0,0,0,0,0,0,0,0,24.153,0,0,0,0,0,0,0,0,0,0,0,0,0,0,0,0,0,0,0,0,0,0,0,0,0,0,0,0,0,0,0,0,0,0,0,0,0,0,0,0,0,0,0,0,0,0,0,0,0,0,0,0,0,0,0,0,0,0,0,0,0,0,0,0,326064.87,0,0,0,0,0,1597.756,0,0,0,0,0,0,0,0,0,0,0,0,0,0,652.308,0,0,0,1803.041,0,128.665,0,430.169,0,0,0,0,0,0,0,0,0,0,0,0,0,0,0,3096.833,0.001,0,0.003,0.001,0.004,1734.651,0,0,0,0,0,0,0,0,0,0,0,0,0,0,0,0,0,0,0,0,0,0,0,0,0.002,0,0,0,0,0,0,0,0.017,0,0
81,0,0,0,0,0,0,0,0,0,0,0,0,0,0,194.153,0,0,0,0,0,0,0,0,0,0,0,0,0,0,0,0,0,0,0,0,0,0,0,0,0,0,0,0,0,0,0,0,0,0,0,0,0,0,0,0,0,0,0,0,0,0,0,0,0,0,0,0,0,0,0,0,0,0,0,0,0,0,0,0,0,78180.95,0,0,0,0,0,0,0,0,0,0,0,0,0,0,0,0,0,0,0,793.82,0,0,0,0,0,225.555,0,804.57,0,0.001,0,0,0,0,0,0,0,0,0,0,0,0,0,0.398,0,0,0,0,0,0,0,0,0,0,0,0,0,0,0,0,0,0,0,0,0,0,0,0,0,0,0,0,0,0,0.003,0,0,0,0,0,0,0,0.025,0,0
82,0,0,0,0,0,0,0,0,0,0,0,0,0,0,0.97,0,0,0,0,0,0,0,0,0,0,0,0,0,0,0,0,0,0,0,0,0,0,0,0,0,0,0,0,0,0,0,0,0,0,0,0,0,0,0,0,0,0,0,0,0,0,0,0,0,0,0,0,0,0,0,0,0,0,0,0,0,0,0,0,0,0,48381.467,0,0,0,2497.062,0,0,0,0,0,0,0,0,0,0,0,0,0,0,0,0,0,0,0,0,19.384,0,72.683,0,0,0,0,0,0,0,0,0,0,0,0,0,0,0,0.336,0,0,0,0,0,0,0,0,0,0,0,0,0,0,0,0,0,113.979,0,0,0,0,0,0,0,0,0,0,0,0,0.002,0,0,0,0,0,0,0,0.021,0,0
83,0,0,0,0,0,0,0,0,0,0,0,0,0,0,56.795,0,0,0,0,0,0,0,0,0,0,0,0,0,0,0,0,0,0,0,0,0,0,0,0,0,0,0,0,0,0,0,0,0,0,0,0,0,0,0,0,0,0,0,0,0,0,0,0,0,0,0,0,0,0,0,0,0,0,0,0,0,0,0,0,0,0,0,437851.444,0,0,4877.379,21868.507,7645.871,0,0,0,0,0,0,0,0,0,0,0,326.568,0,0,0,0,0,0,105.619,153.08,487.19,0,0,0,0,0,0,0,0,0,0,0,6377.522,0,0,0,0.358,0,0,0,0,0,0,0,0,0,0,0,0,0,0,0,0,0,0,0,0,0,0,0,0,0,0,0,0,0,0,0.002,0,0,0,0,0,0,0,0.023,0,0
84,0,0,0,0,0,0,0,0,0,0,0,0,0,0,0,0,0,0,0,0,0,0,0,0,0,0,0,0,0,0,0,0,0,0,0,0,0,0,0,0,0,0,0,0,0,0,0,0,0,0,0,0,0,0,0,0,0,0,0,0,0,0,0,0,0,0,0,0,0,0,0,0,0,0,0,0,0,0,0,0,0,0,0,129161.289,0,14.057,0,0,0,0,0,0,0,0,0,0,0,0,0,0,0,0,0,0,0,0,0,0,145.759,4.995,0.001,0,0,0,0,0,0,0,0,0,0,0,0,0,0.487,0,0,0,0,0,0,0,0,0,0,0,0,0,0,0,0,0,0,0,0,0,0,0,0,0,0,0,0,0,0,0.003,0,0,0,0,0,0,0,0.027,0,0
85,0,0,0,0,0,0,0,0,0,0,0,0,177.692,0,89.353,0,0,0,0,0,0,0,0,0,0,0,0,0,0,0,0,0,0,0,0,0,0,0,0,0,0,0,0,0,0,0,0,0,0,0,0,0,0,0,0,0,0,0,0,0,0,0,0,0,0,0,0,0,0,0,0,0,0,0,0,0,0,0,0,0,0,0,0,0,63100.71,0,0,0,0,0,0,0,0,0,0,0,0,0,0,0,0,0,0,0,0,0,30.639,0,393.272,0,0,0,0,0,0,0,0,0,0,0,0,0,0,0,0.322,0,0,0,0,0,0,0,0,0,0,0,0,0,0,0,0,0,0,0,0,0,0,0,0,0,0,0,0,0,0,0.002,0,0,0,0,0,0,0,0.021,0,0
86,0,0,0,0,0,0,0,0,0,0,0,0,0,0,88.833,0,0,0,0,0,0,0,0,0,0,0,0,0,0,0,0,0,0,0,0,0,0,0,0,0,0,0,0,0,0,0,0,0,0,0,0,0,0,0,0,0,0,0,0,0,0,0,0,0,0,0,0,0,0,0,0,0,0,0,0,0,16.168,0,0,44.299,0,358.587,707.949,441.75,0,188195.785,0,1613.157,0,0,0,0,0,0,0,0,0,0,0,2.902,0,0,0,0,0,0,396.635,8103.361,1146.506,0,0,0,0,0,0,0,0,0,0,6.145,0,0,0,0,0.167,0,0,0,0,0,0,0,0,0,0,0,0,0,0,0,0,0,0,0,0,42.237,1429.299,0,0,0,0,0,0,0,0,40.067,0,0,0,0,0,0,0,0.01,0,0
87,0,0,0,0,0,0,0,0,0,0,0,0,0,0,13.388,0,0,0,0,0,0,0,0,0,0,0,0,0,0,0,0,0,0,0,0,0,0,0,0,0,0,0,0,0,0,0,0,0,0,0,0,0,0,0,0,0,0,0,0,0,0,0,0,0,0,0,0,0,0,0,0,0,0,0,0,0,0,0,0,0,0,0,30.595,0,0,0,141411.78,0,0,0,0,0,0,0,0,0,0,0,0,0,0,0,0,0,0,0,95.606,0,429.148,0,0.001,0,0,0,0,0,0,0,0,0,0,0,0,0,0.215,0,0,0,0,0,0,0,0,0,0,0,0,0,0,0,0,0,0,0,0,0,0,0,0,0,0,0,0,0,0,51.658,0,0,0,0,0,0,0,0.013,0,0
88,0,0,0,0,0,0,0,0,0,0,0,0,0,0,144.066,0,0,0,0,0,0,0,0,0,0,0,0,0,0,0,0,0,0,0,0,0,0,0,0,0,0,0,0,0,0,0,0,0,0,0,0,0,0,0,0,0,0,0,0,0,0,0,0,0,0,0,0,0,0,0,0,0,0,0,0,0,0,0,0,0,0,0,435.227,0,0,2682.852,0,166558.445,0,0,0,0,0,0,0,0,0,0,0,0,0,0,0,0,0,0,373.973,419.25,999.599,0,0.001,0,0,0,0,0,0,0,0,0,0,0,0,0,0.399,0,0,0,0,0,0,0,0,0,0,0,0,0,0,0,0,0,0,0,0,0,0,0,0,0,0,0,0,0,0,0.003,0,0,0,0,0,0,0,0.026,0,0
89,0,0,0,0,0,0,0,0,0,0,0,0,0,0,0.002,0,0,0,0,0,0,0,0,0,0,0,0,0,0,0,0,0,0,0,0,0,0,0,0,0,0,0,0,0,0,0,0,0,0,0,0,0,0,0,0,0,0,0,0,0,0,0,0,0,0,0,0,0,0,0,0,0,0,0,2279.662,0,0,0,5379.736,0,0,0,0,0,0,0,0,0,749014.522,0,0,102114.062,0.001,0,0,0,0,0,0,0,0,0,0,0,0,0,29282.293,0,35960.778,0,0,0,0,0,0,0,0,0,0,0,0,0,0,586.988,0.091,0,0,0,0,0,0,0,0,0,0,0,0,0,0,0,0,0,0,0,0,0,0,2.614,0,0,0,0,0,0,0,70.568,0,0,0,0,0,0,0,0.006,0,0
90,0,0,0,0,0,0,0,0,0,0,0,0,0,0,94.21,0,0,0,0,0,0,0,0,0,0,0,0,0,0,0,0,0,0,0,0,0,0,0,0,0,0,0,0,0,0,0,0,0,0,0,0,0,0,0.001,0.001,0.004,0.001,0.003,6.413,0,0,0,0,0,0,0,0,0,0,0,0,0,0,0,4.835,0,0,0,381.07,0,0,0,0,0,0,0,0,0,0,260454.612,0,0,0,0,0,0,0,0,102.556,0,102.641,0,0,0,0,6.15,653.475,0.001,3402.093,535.758,0.001,0,0,0,0,0,0,0,0,0,0,0,0,0,0.408,0,0,0,0,0,0,0,0,0,0,0,0,0,0,0,0,48.059,0,0,0,0,0,0,0,0,0,0,0,0,0,0.003,0,0,0,0,0,0,0,0.026,0,0
91,0,0,0,0,0,0,0,0,0,0,0,0,0,0,832.557,0,0,0,0,0,0,0,0,0,0,0,0,0,0,0,0,0,0,0,0,0,0,0,0,0,0,0,0,0,0,0,0,0,0,0,0,0,0,0,0,0,0,0,0,0,0,0,0,0,0,0,0,0,0,0,0,0,0,0,182.599,0,0,0,14649.456,0,0,0,0,0,0,0,0,0,0,0.001,898600.19,11.653,132.484,0,0,0,0,0,0,0,13962.358,0,0,0,0,0,3526.28,3.325,4866.404,9222.66,0.001,0,0,0,0,0,0,0,0,0,0,0,0,0,0.244,0,0,0,0,0,0,0,0,0,0,0,0,0,0,0,0,0,0,0,0,0,0,964.107,0,0,0,0,0,0,0.001,109.512,0,0,0,0,0,0,0,0.016,0,0
92,0,0,0,0,0,0,0,0,0,0,0,0,0,0,1065.005,0,0,0,0,0,0,0,0,0,0,0,0,0,0,0,0,0,0,0,0,0,0,0,0,0,0,0,0,0,0,0,0,0,0,0,0,0,0,0.001,1439.874,0.003,0.001,0.002,0,0,0,0,0,0,0,0,0,0,0,0,0,0,0,0,1327.757,0,0,0,304.832,0,0,0,0,0,0,0,0,0,33551.047,0,5252.831,492843.44,1307.61,0,0,0,0,0,0,0,45.652,0,0,0,107.94,0,35347.795,3583.903,31758.68,0,0.001,0,0,0,115.725,0,0,0,0,0,0,0,0,254.348,0.143,0,0,0,0,0,0,0,0,0,0,0,0,0,0,0,0,0,0,0,0,0,0,183.665,0,0,0,0,0,0,0,67.921,0,0,0,0,0,0,0,0.009,0,0
93,0,0,0,0,0,0,0,0,0,0,0,0,0,0,608.769,0,0,0,0,0,0,0,0,0,0,0,0,0,0,0,0,0,812.843,0,0,0,0,0,0,0,0,0,0,0,0,0,0,0,0,0,0,0,0,0.001,0.002,0.006,0.002,0.004,0,0,0,0,0,0,0,0,0,0,0,0,0,0,0,0,4734.059,0,0,0,426.634,0,0,0,0,0,0,0,0,0,0.001,1694.898,0.002,1571.375,394337.383,0,0,0,0,0,0,0,0.001,0,0,0.001,0.001,5.199,2247.943,6.489,37125.183,449512.821,0.003,0,0.001,0.001,0.001,0.001,0.001,0.001,0.001,137.143,0.677,0,0.001,83.318,0.577,0,0,0,0,0,0,0,0,0,0,0,0,0,0,0,0,0,0,0,0,0,0.001,3.732,0.001,0.001,0.001,0.001,0.001,0.001,0.002,328.009,0.001,0,0,0,0,0,0,0.037,0,0
94,0,0,0,0,0,0,0,0,0,0,0,0,0,0,5.319,0,0,0,0,0,0,0,0,0,0,0,0,0,0,0,0,0,0,0,0,0,0,0,0,0,0,0,0,0,0,0,0,0,0,0,0,0,0,0,0,0,0,0,0,0,0,0,0,0,0,0,0,0,0,0,0,0,0,0,0,0,0,0,0,0,0,0,0,0,0,0,0,0,0,0,0,0,0,1118362.736,35686.754,0,0,0,0,52005.825,1740.979,0,0,0.001,0.001,0.001,4094.586,0.002,8156.856,0.001,0.002,0,0,0,0,0,0,0,0,0,0,0,0,0,0.461,0,0,0,0,0,0,0,0,0,0,0,0,0,0,0,0,0,0,0,0,0,0,0,0,0,0,0,0,0,0,0.003,0,0,0,0,0,0,0,0.029,0,0
95,0,0,0,0,0,0,0,0,0,0,0,0,0,0,1.498,0,0,0,0,0,0,0,0,0,0,0,0,0,0,0,0,0,0,0,0,0,0,0,0,0,0,0,0,0,0,0,0,0,0,0,0,0,0,0,0,0,0,0,0,0,0,0,0,0,0,0,0,0,0,0,0,0,0,0,0,0,0,0,0,0,0,0,0,0,0,0,0,0,0,0,0,0,0,30178.257,904680.834,0,0.001,4570.879,0,0,0,0,0,0.001,0.001,0.001,1916.447,0.001,3912.579,0.001,0.002,0,0,0,0,0,0,0,0,0,0,0,0,0,0.519,0,0,0,0,0,0,0,0,0,0,0,0,0,0,0,0,0,0,0,0,0,0,0,0,0,0,0,0,0,0,0.003,0,0,0,0,0,0,0,0.033,0,0
96,0,0,0,0,0,0,0,0,0,0,0,0,0,0,0,0,0,0,0,0,0,0,0,0,0,0,0,0,0,0,0,0,0,0,0,0,0,0,0,0,0,0,0,0,0,0,0,0,0,0,0,0,0,0,0,0,0,0,0,0,0,0,0,0,0,0,0,0,0,0,0,0,0,0,0,0,0,0,0,0,0,0,0,0,0,0,0,0,0,0,0,0,0,0,0,88877.287,0,0,0,0,0,0,0,0,0,0,10.621,0,9.725,0,0.001,0,0,0,0,0,0,0,0,0,0,0,0,0,0.261,0,0,0,0,0,0,0,0,0,0,0,0,0,0,0,0,0,0,0,0,0,0,0,0,0,0,0,0,0,0,0.002,0,0,0,0,0,0,0,0.017,0,0
97,0,0,0,0,0,0,0,0,0,0,0,0,0,0,4.429,0,0,0,0,0,0,0,0,0,0,0,0,0,0,0,0,0,0,0,0,0,0,0,0,0,0,0,0,0,0,0,0,0,0,0,0,0,0,0,0,0,0,0,0,0,0,0,0,0,0,0,0,0,0,0,0,0,0,0,0,0,0,0,0,0,0,0,0,0,0,0,0,0,0,0,0,0,0,0,0.001,0,796459.57,7340.615,0,0,0,0,0,0.001,0.001,0.001,2422.431,0.001,6837.699,0.001,0.002,0,0,0,0,0,0,0,0,0,0,0,0,0,0.307,0,0,0,0,0,0,0,0,0,0,0,0,0,0,0,0,0,0,0,0,0,0,0,0,0,0,0,0,0,0,0.002,0,0,0,0,0,0,0,0.02,0,0
98,0,0,0,0,0,0,0,0,0,0,0,0,0,0,3.298,0,0,0,0,0,0,0,0,0,0,0,0,0,0,0,0,0,0,0,0,0,0,0,0,0,0,0,0,0,0,0,0,0,0,0,0,0,0,0,0,0,0,0,0,0,0,0,0,0,0,0,0,0,0,0,0,0,0,0,0,0,0,0,0,0,0,0,0,0,0,0,0,0,0,0,0,0,0,0,3061.737,0,0,598611.659,0,0,0,0,50.605,0,0,0,2617.399,0.001,2851.047,0.001,0.001,0,0,0,0,0,0,0,0,0,0,0,0,0,0.228,0,0,0,0,0,0,0,0,0,0,0,0,0,0,0,0,0,0,0,0,0,0,0,0,0,0,0,0,0,0,0.001,0,0,0,0,0,0,0,0.015,0,0
99,0,0,0,0,0,0,0,0,0,0,0,0,0,0,29900.888,0,0,0,0,0,0,0,0,0,0,0,0,0,0,0,0,0,0,0,0,0,0,0,0,0,0,0,0,0,0,0,0,0,0,0,0,0,0,0,0,0,0,0,0,0,0,0,0,0,0,0,0,0,0,0,0,0,0,0,0,0,0,0,0,0,0,0,0,0,0,0,0,0,0,0,0,0,0,1601.981,0,0,0,351.289,2451129.22,0,0,0,0,0.001,0.001,0.001,554.742,0.002,1370.09,0.001,174.323,0,0,0,0,0,0,0,0,0,0,0,0,0,0.611,0,0,0,0,0,0,0,0,0,0,0,0,0,0,0,0,0,0,0,120.806,0,0,0,0,0,0,0,0,0,0,40.45,300.602,0,0,0,0,0,0,63.234,0,0
100,0,0,0,0,0,0,0,0,0,0,0,0,0,0,0.002,0,0,0,0,0,0,0,0,0,0,0,0,0,0,0,0,0,0,0,0,0,0,0,0,0,0,0,0,0,0,0,0,0,0,0,0,0,0,0,0,0,0,0,0,0,0,0,0,0,0,0,0,0,0,0,0,0,0,0,0,1352.589,0,0,0.001,0,0,0,0,0,0,0,0,0,0,0,0,0,0,58.969,0,0,560.002,0,170.054,75436.632,0,0,0,0,0,0,49.08,0,62.222,0,0,0,0,0,0,0,0,0,0,0,0,0,0,0,0.089,0,0,0,0,0,0,0,0,0,0,0,0,0,0,0,0,0,0,0,0,0,39.708,0,0,0,0,0,0,0,0,40.304,0,0,0,0,0,0,0,0.006,0,0
101,0,0,0,0,0,0,0,0,0,0,0,0,0,0,69.649,0,0,0,0,0,0,0,0,0,0,0,0,0,0,0,0,0,0,0,0,0,0,0,0,0,0,0,0,0,0,0,0,0,0,0,0,0,0,0,0,0,0,0,0,0,0,0,0,0,0,0,0,0,0,0,0,0,0,0,0,0,0,5126.64,359.704,0,0,0,1090.426,0,0,0,0,0,0,0,0,0,0,5.802,0,0,93.053,0,958.279,281.851,177231.301,0,0,0,0,0,81.433,0.001,97.438,0,0.001,0,0,0,0,0,0,0,0,0,0,0,0,4.074,0.151,0,0,0,0,0,0,0,0,0,0,0,0,0,0,0,0,0,0,0,0,0,0,0,1094.284,32.869,0,0,0,59.32,0,67.969,0,0,0,0,0,0,0,0.01,0,0
102,0,0,0,0,0,0,0,0,0,0,0,0,0,0,0.007,0,0,0,0,0,0,0,0,0,0,0,0,0,0,0,0,0,0,0,0,0,0,0,0,0,0,0,0,0,0,0,0,0,0,0,0,0,0,0,0,0,0,0,0,0,0,0,0,0,0,0,0,0,0,0,0,0,0,0,0,0.001,0,0.001,0.003,0,0,0,0,0,0,0,0,0,0,0,0,0,0,0.001,296.472,0,0.001,0,0,0,0.001,343476.351,0,0.001,0.001,0.001,195.015,0.001,669.108,0.001,0.002,0,0,0,0,0,0,0,0,0,0,0,0,0.001,0.306,0,0,0,0,0,0,0,0,0,0,0,0,0,0,0,0,0,0,0,0,0,0.001,0.001,0,0.001,0,0,0,0.001,0.001,137.903,0,0,0,0,0,0,0,0.02,0,0
103,0,0,0,0,0,0,0,0,0,0,0,0,0,0,7.304,0,0,0,0,0,0,0,0,0,0,0,0,0,0,0,0,0,0,0,0,0,0,0,0,0,0,0,0,0,0,0,0,0,0,0,0,0,0,0,0,0,0,0,0,0,0,0,0,0,0,0,0,0,0,0,0,0,0,0,0,0,0,0,0,0,0,0,0,0,0,0,0,0,0,0,0,0,0,0,0,0,0,0,0,0,0,0,383785.745,0.001,0.001,0.001,1837.514,0.001,635.503,0.001,669.916,0,0,0,0,0,0,0,0,0,0,0,0,0,1.265,0,0,0,0,0,0,0,0,0,0,0,0,0,0,0,0,0,0,0,0,0,0,0,0,0,0,0,0,0,0,0.008,0,0,0,0,0,0,0,0.081,0,0
104,0,0,0,0,0,0,0,0,0,0,0,0,0,0,9.428,0,0,0,0,0,0,0,0,0,0,0,0,0,0,0,0,0,0,0,0,0,0,0,0,0,0,0,0,0,0,0,0,0,0,0,0,0,0,0,0,0,0,0,0,0,0,0,0,0,0,0,0,0,0,0,0,0,0,0,0,0,0,0,0.001,0,0,0,0,0,0,0,0,0,0,0,0,0,0,0,562.509,0,0,0,0,0,0,0,0,247731.821,0,0,1311.113,11806.132,295.452,0,0,0,0,0,0,0,0,0,0,0,0,0,0,0,0.036,0,0,0,0,0,0,0,0,0,0,0,0,0,0,0,0,0,0,0,0,0,0,0,0,0,0,0,0,0,0,43.891,0,0,0,0,0,0,0,0.002,0,0
105,0,0,0,0,0,0,0,0,0,0,0,0,0,0,449.296,0,0,0,0,0,0,0,0,0,0,0,0,0,0,0,0,0,0,0,0,0,0,0,0,0,0,0,0,0,0,0,0,0,0,0,0,0,0,0,0,0,0,0,0,0,0,0,0,0,0,0,0,0,0,0,0,0,0,0,0,0,0,1125.854,202.572,0,0,0,0,0,0,0,0,0,0,0,0,0,0,0,0,0,0,0,0,0,0,0,0,0,462689.588,2257.399,2447.762,0,4216.649,0,0,0,0,0,0,0,0,0,252.331,0,0,0,0,0,0.033,0,0,0,0,0,0,0,0,0,0,0,0,0,0,0,0,0,0,0,0,0,0,0,0,0,0,0,0,0,0,39.687,0,0,0,0,0,0,0,0.002,0,0
106,0,0,0,0,0,0,0,0,0,0,0,0,0,0,9.831,0,0,0,0,0,0,0,0,0,0,0,0,0,0,0,0,0,10.689,0,0,0,0,0,0,0,0,0,0,0,0,0,0,0,0,0,0,0,0,0,0,0,0,0,0,0,0,0,0,0,0,0,0,0,0,0,0,0,0,0,0,0,0,8.308,230.568,0,0,0,0,0,0,0,0,0,0,0,0,261.378,0,0,0,0,0,0,0,0,0,0,0,0,0,62615.024,194.752,0,34,0,0,0,0,0,0,0,0,0,0,0,0,0,0,0,0.044,0,0,0,0,0,0,0,0,0,0,0,0,0,0,0,0,0,0,0,0,0,0,0,0,0,0,0,0,0,0,53.395,0,0,0,0,0,0,0,0.003,0,0
107,0,0,0,0,0,0,0,0,0,0,0,0,0,0,11.074,0,0,0,0,0,0,0,0,0,0,0,0,0,0,0,0,0,0,0,0,0,0,0,0,0,0,0,0,0,0,0,0,0,0,0,0,0,0,0,0,0,0,0,0,0,0,0,0,0,0,0,0,0,0,0,0,0,0,0,205.859,0,0,0,3432.136,0,0,0,0,0,0,0,0,0,36128.974,0,274.43,45006.793,0.005,0,0,0,0,0,0,0,209.323,0,0,0,116.388,0,866634.871,0.001,20684.078,0.001,0.001,0,0.001,0.001,8926.381,0.001,0,0,0.001,0.001,0,0,0.001,689.629,0.426,0,0,0,0,0,0,0,0,0,0,0,0,0,0,0,0,0,0,0,0,0,0.001,6383.962,0,0.001,0,0,0,0.001,0.001,135.349,0,0,0,0,0,0,0,0.027,0,0
108,0,0,0,0,0,0,0,0,0,0,0,0,0,0,94.04,0,0,0,0,0,0,0,0,0,0,0,0,0,0,0,0,0,0.001,0,0,0,0,0,0,0,0,0,0,0,0,0,0,0,0,0,0,0,0,0,0,0,0,0,0,0,0,0,0,0,0,0,0,0,0,0,0,0,0,0,0,0,0,0.001,275.735,0,0,0,0,0,0,0,0,0,0,0,0,143251.922,0.001,0,0.001,0,0,0,0,0,0.001,0,0,3526.949,393.868,0,13573.606,498091.837,3015.849,0,0.001,0,0,310.842,1523.203,0,0,0,0,0,0,0,0,0,0.085,0,0,0,0,0,0,0,0,0,0,0,0,0,0,0,0,0,0,0,0,0,0,0,0,0,0,0,0,0,0.001,102.167,0,0,0,0,0,0,0,0.005,0,0
109,0,0,0,0,0,0,0,0,0,0,0,0,0,0,20.81,0,0,0,0,0,0,0,0,0,0,0,0,0,0,0,0,0,0,0,0,0,0,0,0,0,0,0,0,0,0,0,0,0,0,0,0,0,0,0,0,0,0,0,0,0,0,0,0,0,0,0,0,0,0,0,0,0,0,0,0,0,0,0,526.615,0,0,0,0,0,0,0,0,0,0,0,0,0,0,0,0,0,0,0,0,0,0,0,0,0,1543.821,0,1561.385,4221.48,454337.864,0,0,0,0,0,0,0,0,0,0,0,0,0,0,0,0.033,0,0,0,0,0,0,0,0,0,0,0,0,0,0,0,0,0,0,0,0,0,0,0,0,0,0,0,0,0,0,39.896,0,0,0,0,0,0,0,0.002,0,0
110,0,0,0,0,0,0,0,0,0,0,0,0,0,0,28.927,0,0,0,0,0,0,0,0,0,0,0,0,0,0,0,0,0,0,0,0,0,0,0,0,0,0,0,0,0,0,0,0,0,0,0,0,0,0,0,0,0,0,0,0,0,0,0,0,0,0,0,0,0,0,0,0,0,0,0,0,0,0,0,81.511,0,0,0,0,0,0,0,0,0,0,0,0,0,0,0,0,0,0,0,0,0,0,0,0,0,0,0,1000.511,0,220.533,247461.857,453.469,0,0,0,0,0,0,0,0,0,0,0,0,0,0.037,0,0,0,0,0,0,0,0,0,0,0,0,0,0,0,0,0,0,0,0,0,0,0,0,0,0,0,0,0,0,44.895,0,0,0,0,0,0,0,0.002,0,0
111,0,0,0,0,0,0,0,0,0,0,0,0,0,0,42.164,0,0,0,0,0,0,0,0,0,0,0,0,0,0,0,0,0,0.001,0,0,0,0,0,0,0,0,0,0,0,0,0,0,0,0,0,0,0,0,0,0,0,0,0,0,0,0,0,0,0,0,0,0,0,0,0,0,0,0,0,0,0,0,57.017,2447.456,0,0,0,0,0,0,0,0,0,0,0,0,0.001,0.001,0,0.001,0,0,0,0,0,45.012,0,0,0,0,0,1162.763,0.001,289.584,0.001,213266.927,0,0,0,0,0,0,0,0,0.001,0,0,0,0,0.114,0,0,0,0,0,0,0,0,0,0,0,0,0,0,0,0,0,0,0,0,0,0.001,10.18,0,0.001,0,0,0,2980.33,0.001,137.411,0,0,0,0,0,0,0,0.007,0,0
112,0,0,0,0,0,0,0,0,0,0,0,0,0,0,108.187,0,0,0,0,0,0,0,0,0,0,0,0,0,0,0,0,0,0,0,0,0,0,0,0,0,0,0,0,0,0,0,0,0,0,0,0,0,0,0,0,0,0,0,0,0,0,0,0,0,0,0,0,0,0,0,0,0,0,0,0,0,0,0,0,0,0,0,0,0,0,0,0,0,0,0,0,0,0,0,0,0,0,0,0,0,0,0,0,0,0,0,23936.606,0,14078.842,0,0.001,953263.581,0,0,0,0,0,0,0,0,0,0,0,0,0.431,0,0,0,0,0,0,0,0,0,0,0,0,0,0,0,0,0,0,0,0,0,0,0,0,0,0,0,0,0,0,0.003,0,0,0,0,0,0,0,0.028,0,0
113,0,0,0,0,0,0,0,0,0,0,0,0,0,0,5.854,0,0,0,0,0,0,0,0,0,0,0,0,0,0,0,0,0,0,0,0,0,0,0,0,0,0,0,0,0,0,0,0,0,0,0,0,0,0,0,0,0,0,0,0,0,0,0,0,0,0,0,0,0,0,0,0,0,0,0,0,0,0,0,70.527,0,0,0,0,0,0,0,0,0,0,0,0,0,0,0,0,0,0,104.348,248.551,0,0,0,0,19701.871,460.192,0,8792.454,7748.788,2276.745,0,0,0,63620.604,6895.195,0,0,0,0,0,0,0,0,0,0,0,0,0,0,0,0,0,0,0,0.002,0.002,0.002,0,0,0,0,0,0,0,0,0,0,0,0,0,0,0,0,0,0,0,0,0,0,0,0,0,0,0,0.003,0,0
114,0,0,0,0,0,0,0,0,0,0,0,0,0,0,24.173,0,0,0,0,0,0,0,0,0,0,0,0,0,0,0,0,0,0,0,0,0,0,0,0,0,0,0,0,0,0,0,0,0,0,0,0,0,0,0,0,0,0,0,0,0,0,0,0,0,0,0,0,0,0,0,0,0,0,0,0,0,0,0,13.155,0,0,0,0,0,0,0,0,0,0,0,0,0,0,0,0,0,0,27.264,52.641,0,0,0,0,40.169,138.351,0,190.825,775.532,1.764,0,0,0,2.764,35641.36,0,0,0,0,0,0,0,0,0,0,0,0,0,0,0,0,0,0,0,0.001,0.002,0.002,0,0,0,0,0,0,0,0,0,0,0,0,0,0,0,0,0,0,0,0,0,0,0,0,0,0,0,0.003,0,0
115,0,0,0,0,0,0,0,0,0,0,0,0,0,0,1375.299,0,0,0,0,0,0,0,0,0,0,0,0,0,0,0,0,0,0,0,0,0,0,0,0,0,0,0,0,0,0,0,0,0,0,0,0,0,0,0,0,0,0,0,0,0,0,0,0,0,0,0,0,0,0,0,0,0,0,0,0,0,0,0,86.865,0,0,0,0,0,0,0,0,0,0,0,0,0,0,0,0,0,0,0,0,0,0,0,0,1732.99,0,0,10948.606,1319.028,333.382,682.595,0.001,0,82.658,0,661120.603,0,0,581.588,0,0,0,0,0,0,0,0,0,0,0,0,0,0,0,0.002,603.87,0.002,0,0,0,0,0,0,0,0,0,0,0,0,0,0,0,0,0,0,0,0,0,0,0,0,0,0,0,0.003,0,0
116,0,0,0,0,0,0,0,0,0,0,0,0,0,0,22.377,0,0,0,0,0,0,0,0,0,0,0,0,0,0,0,0,0,603.446,0,0,0,0,0,0,0,0,0,0,0,0,0,0,0,0,0,0,0,0,0,0,0,0,0,0,0,0,0,0,0,0,0,0,0,0,0,0,0,0,0,0,0,0,0,90.642,0,0,0,0,0,0,0,0,0,0,0,0,0,0,0,0,0,0,0,0,0,0,0,0,0,0,0,925.124,0,37.819,30.78,0,0,0,0,0,109633.054,0,124.498,0,3218.655,0,0,0,0,0,0,0,0,0,0,0,0,0,0.001,0.002,0.002,0,0,0,0,0,0,0,0,0,0,0,0,0,0,0,0,0,0,0,0,0,0,0,0,0,0,0,0.002,0,0
117,0,0,0,0,0,0,0,0,0,0,0,0,0,0,0.002,0,0,0,0,0,0,0,0,0,0,0,0,0,0,0,0,0,0,0,0,0,0,0,0,0,0,0,0,0,0,0,0,0,0,0,0,0,0,0,0,0,0,0,0,0,0,0,0,0,0,0,0,0,0,0,0,0,0,0,0,0,0,0,1066.326,0,0,0,0,0,0,0,0,0,0,0,0,0,0,0,0,0,0,0,0,0,0,0,0,0,0,0,995.736,0,20.711,0,0.001,0,0,0,0,0,85909.148,0,0,0,0,0,0,0,0,0,0,0,0,0,0,0,0,0.002,0.002,0.002,0,0,0,0,0,0,0,0,0,0,0,0,0,0,0,0,0,0,0,0,0,0,0,0,0,0,0,0.003,0,0
118,0,0,0,0,0,0,0,0,0,0,0,0,0,0,4.208,0,0,0,0,0,0,0,0,0,0,0,0,0,0,0,0,0,0,0,0,0,0,0,0,0,0,0,0,0,0,0,0,0,0,0,0,0,0,0,0,0,0,0,0,0,0,0,0,0,0,0,0,0,0,0,0,0,0,0,0,0,0,0,17.182,0,0,0,0,0,0,0,0,0,0,0,0,0,0,0,0,0,0,0,0,0,211.458,0,0,0,0,0,184.179,261.871,6.145,0,0,0,0,0,0,0,0,66152.828,0,0,0,0,0,25.142,0,0,0,0,0,0,0,0,0,0.001,0.001,0.002,0,0,0,0,0,0,0,0,0,0,0,0,0,0,0,0,0,0,0,0,0,0,0,0,0,0,0,0.002,0,0
119,0,0,0,0,0,0,0,0,0,0,0,0,0,0,230.39,0,0,0,0,0,0,0,0,0,0,0,0,0,0,0,0,0,0,0,0,0,0,0,0,0,0,0,0,0,0,0,0,0,0,0,0,0,0,0,0,0,0,0,0,0,0,0,0,0,0,0,0,0,0,0,0,0,0,0,0,0,0,0,328.417,0,0,0,0,0,0,0,0,0,0,0,0,0,0,0,0,0,0,0,0,0,0,0,0,0,12041.546,0,10.173,0,2.257,0,0,0,0,0,0,0,0,0,304180.177,0,622.187,0,0,0,0,0,0,0,0,0,0,0,0,0.002,0.002,0.002,0,0,0,0,0,0,0,0,0,0,0,0,0,0,0,0,0,0,0,0,0,0,0,0,0,0,0,0.003,0,0
120,0,0,0,0,0,0,0,0,0,0,0,0,0,0,53.28,0,0,0,0,0,0,0,0,0,0,0,0,0,0,0,0,0,642.766,0,0,0,0,0,0,0,0,0,0,0,0,0,0,0,0,0,0,0,0,0,0,0,0,0,0,0,0,0,0,0,0,0,0,0,0,0,0,0,0,0,0,0,0,0,20.206,0,0,0,0,0,0,0,0,0,0,0,0,0,0,0,0,0,0,0,0,0,0,0,0,0,0,0,316.326,0,7.587,23148.546,0,0,0,0,0,21523.337,0,82.178,0,45761.305,0,0,0,0,0,0,0,0,0,0,0,0,0,0.001,0.002,0.002,0,0,0,0,0,0,0,0,0,0,0,0,0,0,0,0,0,0,0,0,0,0,0,0,0,0,0,0.003,0,0
121,0,0,0,0,0,0,723.942,0,0,0,0,0,0,0,1.896,0,0,0,0,0,0,0,0,0,0,0,0,0,0,0,0,0,0,0,0,0,0,0,0,0,0,0,0,0,0,0,0,0,0,0,0,0,0,0,0,0,0,0,0,0,0,0,0,0,0,0,0,0,0,0,0,0,0,0,0,0,0,0,170.89,0,0,0,0,0,0,645.756,0,0,0,0,0,0,0,0,0,0,0,0,0,0,191.096,0,0,0,0,0,33.428,233.336,9.355,0,0,0,0,0,0,0,0,0,0,0,145802.947,0,0,0,0.328,0,0,0,0,0,0,0,0,0,0,0,0,0,0,0,0,0,0,0,0,0,0,0,0,0,0,0,0,0,0,0.002,0,0,0,0,0,0,0,0.021,1193.883,0
122,0,0,0,0,0,0,0,0,0,0,0,0,0,0,728.316,0,0,0,0,0,0,0,0,0,0,0,0,0,0,0,0,0,0,0,0,0,0,0,0,0,0,0,0,0,0,0,0,0,0,0,0,0,0,0,0,0,0,0,0,0,0,0,0,0,0,0,0,0,0,0,0,0,0,0,0,0,0,0,163.474,0,0,0,0,0,0,0,0,0,0,0,0,0,0,0,0,0,0,0,0,0,0,0,0,0,0,0,1504.629,0.001,0,0,0.001,0,0,0,0,0,0,0,0,0,0,53139.808,0,0,0.2,0,0,0,0,0,0,0,0,0,0,0,0,0,0,0,0,0,0,0,859.254,184.744,0,0,0,0,0,0,0,0,0,49.382,0,0,0,0,0,0,0,0.013,0,0
123,0,0,0,0,0,0,0,0,0,0,0,0,0,0,98.093,0,0,0,0,0,0,0,0,0,0,0,0,0,0,0,0,0,0,0,0,0,0,0,0,0,0,0,0,0,0,0,0,0,0,0,0,0,0,0,0,0,0,0,0,0,0,0,0,0,0,0,0,0,0,0,0,0,0,0,0,0,0,0,539.783,0,0,0,0,0,0,0,0,0,0,0,0,0,0,0,0,0,100.087,0,75.708,0,0,0,0,35.345,0,0,3835.199,0,46696.776,0,0,0,0,0,0,0,0,0,0,0,0,0,166767.372,0,0.102,0,0,0,0,0,0,0,0,0,0,0,0,1798.582,0,0,0,0,0,0,30823.697,5582.868,6.234,0,0,0,9.305,0,0,0,0,25.309,0,0,0,0,0,0,0,0.007,0,0
124,0,0,0,0,0,0,0,0,0,0,0,0,0,0,108.114,0,0,0,0,0,0,0,0,0,0,0,0,0,0,0,0,0,0,0,0,0,0,0,0,0,0,0,0,0,0,0,0,0,0,0,0,0,0,0,0,0,0,0,0,0,0,0,0,0,0,0,0,0,0,0,0,0,0,0,0,0,0,0,482.617,0,0,0,0,0,0,0,0,0,0,0,0,0,0,0,0,0,0,0,0,0,0,0,0,0,0,0,992.255,0,40.857,0,0,0,0,0,0,0,0,0,0,0,0,0,0,118451.481,0.135,0,0,0,0,0,0,0,0,0,0,0,0,0,0,0,0,0,0,0,0,0,0,0,0,0,0,0,0,0,0,33.307,0,0,0,0,0,0,0,0.009,0,0
125,0,0,0,0,0,0,0,0,0,0,0,0,0,0,0,0,0,0,0,0,0,0,0,0,0,0,0,0,0,0,0,0,0,0,0,0,0,0,0,0,0,0,0,0,0,0,0,0,0,0,0,0,0,0,0,0,0,0,0,0,0,0,0,0,0,0,0,0,0,0,0,0,0,0,0,0,0,0,0,0,0,0,0,0,0,0,0,0,0,0,0,0,0,0,0,0,0,0,0,0,0,0,0,0,0,0,0,0,0,0,0,0,0,0,0,0,0,0,0,0,0,0,0,0,805108.826,0,0,0,0,0,0,0,0,0,0,0,0,0,0,0,0,0,0,0,0,0,0,0,0,0,0,0,0,0,0,0,0,0,0,0,0,0,0,0,0,0
126,0,0,0,0,0,0,0,0,0,0,0,0,0,0,3.075,0,0,0,0,0,0,0,0,0,0,0,0,0,0,0,0,0,0,0,0,0,0,0,0,0,0,0,0,0,0,0,0,0,0,0,0,0,0,0,0,0,0,0,0,0,0,0,0,0,0,0,0,0,0,0,0,0,0,0,0,0,0,0,4.598,0,0,0,0,0,0,0,0,0,0,0,0,0,0,0,0,0,0,0,0,0,0,0,0,0,0,0,0.157,0,0.321,0,0,0,0,0,0,0,0,0,0,0,0,0,0,0,332.053,157792.028,0,0,248.789,0,0,0,0,0,0,0,0,0,0,0,0,0,0,0,0,0,0,0,0,0,0,0,0,0,0,0,0,0,0,0,0,0,0,0,0,0
127,0,0,0,0,0,0,0,0,0,0,0,0,0,0,25.116,0,0,0,0,0,0,0,0,0,0,0,0,0,0,0,0,0,0,0,0,0,0,0,0,0,0,0,0,0,0,0,0,0,0,0,0,0,0,0,0,0,0,0,0,0,0,0,0,0,0,0,0,0,0,0,0,0,0,0,0,0,0,0,10800.832,0,0,0,0,0,0,0,0,0,0,0,0,0,0,0,0,0,0,0,0,0,394.303,0,0,0,0,0,42.508,0.001,156.6,0,0.001,0,0,0,0,0,0,0,0,0,0,0,0,0,0,0.001,173600.337,0.003,0,0.004,0.002,0,0,0,0,0,0,0,0,0,0,0,0,0,0,25.032,0,0,0,0,0,0,0,0,0,0,0,0,0,0,0,0,0,0.004,0,0
128,0,0,0,0,0,0,0,0,0,0,0,0,0,0,20.665,0,0,0,0,0,0,0,0,0,0,0,0,0,0,0,0,0,0,0,0,0,0,0,0,0,0,0,0,0,0,0,0,0,0,0,0,0,0,0,0,0,0,0,0,0,0,0,0,0,0,0,0,0,0,0,0,0,0,0,0,0,0,0,57.478,0,0,0,0,0,0,0,0,0,0,0,0,0,0,0,0,0,0,0,0,0,0.891,0,0,0,0,0,20.052,0,6.603,0,0,0,0,0,0,0,0,0,0,0,0,0,0,0,184.842,0,0,263231.384,0,0,0,0,0,0,0,0,0,0,0,0,0,0,0,0,0,0.089,0,0,0,0,0,0,0,0,0,0,0,0,0,0,0,0,0,0,0,0
129,0,0,0,0,0,0,0,0,0,0,0,0,0,0,3.484,0,0,0,0,0,0,0,0,0,0,0,0,0,0,0,0,0,0,0,0,0,0,0,0,0,0,0,0,0,0,0,0,0,0,0,0,0,0,0,0,0,0,0,0,0,0,0,0,0,0,0,0,0,0,0,0,0,0,0,0,0,0,0,1.543,0,0,0,0,0,0,0,0,0,0,0,0,0,0,0,0,0,0,0,0,0,0,0,0,0,0,0,68.772,0,23.238,0,0,0,0,0,0,0,0,0,0,0,0,0,0,0,752.182,0,0,0.001,107313.062,0.001,0.001,0,0,0,0,0,0,0,0,0,0,0,0,0,0,0,0,0,0,0,0,0,0,0,0,0,0,0,0,0,0,0,0,0.001,0,0
130,0,0,0,0,0,0,0,0,0,0,0,0,0,0,0.098,0,0,0,0,0,0,0,0,0,0,0,0,0,0,0,0,0,0,0,0,0,0,0,0,0,0,0,0,0,0,0,0,0,0,0,0,0,0,0,0,0,0,0,0,0,0,0,0,0,0,0,0,0,0,0,0,0,0,0,0,0,0,0,9.751,0,0,0,0,0,0,0,0,0,0,0,0,0,0,0,0,0,0,0,0,0,9.595,0,0,0,0,0,3.589,0,1.004,0,0,0,0,0,0,0,0,0,0,0,0,0,0,0,148.54,0,0,0,0,152546.946,0,0,0,0,0,0,0,0,0,0,0,0,0,0,0,0,0,0,0,0,0,0,0,0,0,0,0,0,0,0,0,0,0,0,0,0
131,0,0,0,0,0,0,0,0,0,0,0,0,0,0,0.611,0,0,0,0,0,0,0,0,0,0,0,0,0,0,0,0,0,0,0,0,0,0,0,0,0,0,0,0,0,0,0,0,0,0,0,0,0,0,0,0,0,0,0,0,0,0,0,0,0,0,0,0,0,0,0,0,0,0,0,0,0,0,0,2.368,0,0,0,0,0,0,0,0,0,0,0,0,0,0,0,0,0,0,0,0,0,2.671,0,0,0,0,0,9.623,0,1.783,0,0,0,0,0,0,0,0,0,0,0,0,0,0,0,230.83,0,0,0,0,0,53360.948,0,0,0,0,0,0,0,0,0,0,0,0,0,0,0,0,0,0,0,0,0,0,0,0,0,0,0,0,0,0,0,0,0,0,0
132,0,0,0,0,0,0,0,0,0,0,0,0,0,0,49.035,0,0,0,0,0,0,0,0,0,0,0,0,0,0,0,0,0,0,0,0,0,0,0,0,0,0,0,0,0,0,0,0,0,0,0,0,0,0,0,0,0,0,0,0,0,0,0,0,0,0,0,0,0,0,0,0,0,0,0,0,0,0,0,92.928,0,0,0,0,0,0,0,0,0,0,0,0,0,0,0,0,0,0,0,0,0,7.154,0,0,0,0,0,135.478,0,502.604,0,0,0,0,0,0,0,0,0,0,0,0,0,0,0,74.417,0,0,0,0,3000.88,0,1224492.795,0,0,0,0,0,0,0,0,0,0,0,0,0,88.19,0,0,0,0,0,0,0,0,0,0,0,0,0,0,0,0,0,0.001,0,0
133,0,0,0,0,0,0,0,0,0,0,0,0,0,0,35.544,0,0,0,0,0,0,0,0,0,0,0,0,0,0,0,0,0,0,0,0,0,0,0,0,0,0,0,0,0,0,0,0,0,0,0,0,0,0,0,0,0,0,0,0,0,0,0,0,0,0,0,0,0,0,0,0,0,0,0,0,0,0,0,32.647,0,0,0,0,0,0,0,0,0,0,0,0,0,0,0,0,0,0,0,135.721,0,0,0,0,0,0,0,36.43,0.001,25.903,0.001,0.001,0,0,0,0,0,0,0,0,0,0,0,0,0,807.23,0,0,17.709,0,608.467,0.001,0,296201.348,204.769,0,764.941,0,0,0,0,0,0,0,0,0,809.255,0,0,0,0,0,0,0,0,0,0.002,0,0,0,0,0,0,0,0.02,0,0
134,0,0,0,0,0,0,0,0,0,0,0,0,0,0,38.579,0,0,0,0,0,0,0,0,0,0,0,0,0,0,0,0,0,0,0,0,0,0,0,0,0,0,0,0,0,0,0,0,0,0,0,0,0,0,0,0,0,0,0,0,0,0,0,0,0,0,0,0,0,0,0,0,0,0,0,0,0,0,0,24.413,0,0,0,0,0,0,0,0,0,0,0,0,0,0,0,0,0,0,0,0,0,0,0,0,0,0,0,86.352,0,19.889,0,0,0,0,0,0,0,0,0,0,0,0,0,0,0,2528.621,0.001,0,5725.074,0.001,0,0.002,0,2144.195,167445.736,4569.948,2200.434,0,0,0,0,0,0,0,0,0,0,0,0,0,0,0,0,0,0,0,0.001,0,0,0,0,0,0,0,0.006,0,0
135,0,0,0,0,0,0,0,0,0,0,0,0,0,0,53.137,0,0,0,0,0,0,0,0,0,0,0,0,0,0,0,0,0,0,0,0,0,0,0,0,0,0,0,0,0,0,0,0,0,0,0,0,0,0,0,0,0,0,0,0,0,0,0,0,0,0,0,0,0,0,0,0,0,0,0,0,0,0,0,191.627,0,0,0,0,0,0,0,0,0,0,0,0,0,0,0,0,0,0,0,0,0,0,0,0,0,0,0,28.998,0,3.694,0,0,0,0,0,0,0,0,0,0,0,0,0,0,0,1721.864,0.001,0,0.002,0,0,0.001,0,0,0,67003.531,0,0,0,0,0,0,0,0,0,0,0,0,0,0,0,0,0,0,0,0,0,0,0,0,0,0,0,0,0.004,0,0
136,0,0,0,0,0,0,0,0,0,0,0,0,0,0,1.82,0,0,0,0,0,0,0,0,0,0,0,0,0,0,0,0,0,0,0,0,0,0,0,0,0,0,0,0,0,0,0,0,0,0,0,0,0,0,0,0,0,0,0,0,0,0,0,0,0,0,0,0,0,0,0,0,0,0,0,0,0,0,0,0,0,0,0,0,0,0,0,0,0,0,0,0,0,0,0,0,0,0,0,0,0,0,0,0,0,0,0,1.637,0,1.251,0,0,0,0,0,0,0,0,0,0,0,0,0,0,0,1749.127,0.001,0,0.002,0,0,0.001,0,0,0,0,74475.276,0,0,0,0,0,0,0,0,0,0,0,0,0,0,0,0,0,0,0,0,0,0,0,0,0,0,0,0.004,0,0
137,0,0,0,0,0,0,0,0,0,0,0,0,0,0,271.01,0,0,0,0,0,0,0,0,0,0,0,0,0,0,0,0,0,0,0,0,0,0,0,0,0,0,0,0,0,0,0,0,0,0,0,0,0,0,0,0,0,0,0,0,0,0,0,0,0,0,0,0,0,0,0,0,0,0,0,0,0,0,0,210.577,0,0,0,0,0,0,0,0,0,0,0,0,0,0,0,0,0,0,0,60.024,0,29.737,5.943,0,0,0,0,25.504,0,0,104.014,0,0,0,0,0,0,0,0,0,0,0,0,0,0,0.072,0,0,0,0,0,0,0,0,0,0,0,38660.766,0,118.337,191.5,0,0,0,0,0,440.37,0,0,0,0,0,0,0,0,0,30.279,0,0,0,0,0,0,0,0.005,0,0
138,0,0,0,0,0,0,0,0,0,0,0,0,0,0,61.134,0,0,0,0,0,0,0,0,0,0,0,0,0,0,0,0,0,0,0,0,0,0,0,0,0,0,0,0,0,0,0,0,0,0,0,0,0,0,0,0,0,0,0,0,0,0,0,0,0,0,0,0,0,0,0,0,0,0,0,0,0,0,0,310.033,0,0,0,0,0,0,0,0,0,0,0,0,0,0,0,0,0,0,0,0,0,216.783,396.183,0,0,0,0,47.462,0,1.606,8274.994,0,0,0,0,0,0,0,0,0,0,0,0,0,373.458,0.071,0,0,0,0,0,0,0,0,0,0,0,0,56261.39,741.168,0,0,0,2137.106,0,0,1781.991,0,0,0,0,0,0,0,256.53,0,29.517,0,0,0,0,0,0,0,0.005,0,0
139,0,0,0,0,0,0,0,0,0,0,0,0,0,0,210.865,0,0,0,0,0,0,0,0,0,0,0,0,0,0,0,0,0,0,0,0,0,0,0,0,0,0,0,0,0,0,0,0,0,0,0,0,0,0,0,0,0,0,0,0,0,0,0,0,0,0,0,0,0,0,0,0,0,0,0,0,0,0,0,375.992,0,0,0,0,0,0,0,0,0,0,0,0,0,0,0,0,0,0,0,800.51,0,0,13.592,0,0,0,0,74.673,0,2.041,3580.858,0,0,0,0,0,0,0,0,0,0,0,0,0,0,0.09,0,0,0,0,0,0,0,0,0,0,0,33358.907,8193.475,45670.867,0,0,0,0,0,0,3274.853,0,0,0,0,0,0,0,0,0,37.509,0,0,0,0,0,0,0,0.006,0,0
140,0,0,0,0,0,0,0,0,0,0,0,0,0,0,60.629,0,0,0,0,0,0,0,0,0,0,0,0,0,0,0,0,0,0,0,0,0,0,0,0,0,0,0,0,0,0,0,0,0,0,0,0,0,0,0,0,0,0,0,0,0,0,0,0,0,0,0,0,0,0,0,0,0,0,0,0,0,0,0,62.541,0,0,0,0,0,0,0,0,0,0,0,0,0,0,0,0,0,0,0,0,0,0,172.124,0,0,0,0,11.411,0,0,261.688,0,0,0,0,0,0,0,0,0,0,0,0,0,0,0.089,0,0,0,0,0,0,0,0,0,0,0,0,0,12152.318,67994.067,0,0,0,0,0,5.227,0,0,0,0,0,0,0,0,0,37.255,0,0,0,0,0,0,0,0.006,0,0
141,0,0,0,0,0,0,0,0,0,0,0,0,0,0,72.792,0,0,0,0,0,0,0,0,0,0,0,0,0,0,0,0,0,0,0,0,0,0,0,0,0,0,0,0,0,0,0,0,0,0,0,0,0,0,0,0,0,0,0,0,0,0,0,0,0,0,0,0,0,0,0,0,0,0,0,0,0,0,0,706.337,0,0,0,0,0,0,0,0,0,0,0,0,0,0,0,0,0,0,0,397.88,0,19.319,4.782,0,0,0,0,58.894,0,2.462,144.983,0,0,0,0,0,0,0,0,0,0,0,0,0,0,0.054,0,0,0,0,0,0,0,0,0,0,0,16.15,0,0,0,25557.74,0,0,1.471,8.659,553.285,0,0,0,0,0,0,0,89.903,0,22.622,0,0,0,0,0,0,0,0.003,0,0
142,0,0,0,0,0,0,0,0,0,0,0,0,0,0,276.602,0,0,0,0,0,0,0,0,0,0,0,0,0,0,0,0,0,0,0,0,0,0,0,0,0,0,0,0,0,0,0,0,0,0,0,0,0,0,0,0,0,0,0,0,0,0,0,0,0,0,0,0,0,0,0,0,0,0,0,0,0,0,0,2775.186,0,0,0,0,0,0,0,0,0,0,0,0,0,0,0,0,0,0,0,61.897,0,204.71,0,0,0,0,0,6.737,0,1.807,120.887,0,0,0,0,0,0,0,0,0,0,0,0,0,0,0.117,0,0,0,0,0,0,0,0,0,0,0,0,0,0,0,0,25837.545,0,0,243.188,5994.824,0,0,0,0,0,0,0,394.884,0,36.536,0,0,0,0,0,0,0,0.007,0,0
143,0,0,0,0,0,0,0,0,0,0,0,0,0,0,73.423,0,0,0,0,0,0,0,0,0,0,0,0,0,0,0,0,0,0,0,0,0,0,0,0,0,0,0,0,0,0,0,0,0,0,0,0,0,0,0,0,0,0,0,0,0,0,0,0,0,0,0,0,0,0,0,0,0,0,0,0,0,0,0,169.385,0,0,0,0,0,0,0,0,0,0,0,0,0,0,0,0,0,0,0,0,0,0,0,0,0,0,0,59.374,0,1.541,0,0,0,0,0,0,0,0,0,0,0,0,0,0,0,0.1,0,0,0,0,0,0,0,0,0,0,0,11.525,0,0,0,0,0,44583.176,0,0,1011.125,0,0,0,0,0,0,0,0,0,31.164,0,0,0,0,0,0,0,0.006,0,0
144,0,0,0,0,0,0,0,0,0,0,0,0,0,0,207.805,0,0,0,0,0,0,0,0,0,0,0,0,0,0,0,0,0,0,0,0,0,0,0,0,0,0,0,0,0,0,0,0,0,0,0,0,0,0,0,0,0,0,0,0,0,0,0,0,0,0,0,0,0,0,0,0,0,0,0,0,238.812,0,0,1055.161,0,0,0,0,0,0,0,0,0,0,0,0,0,0,0,0,0,0,0,6.574,0,94.741,0,0,0,0,0,18.959,0,1.695,0,0,0,0,0,0,0,0,0,0,0,0,0,0,4318.159,0.11,0,0,0,0,0,0,0,0,0,0,1431.993,0,1.169,1.183,0,0,1073.442,1.371,110623.051,58.975,6890.483,0,0,0,124.96,0,0,0,2402.19,0,34.275,0,0,0,0,0,0,0,0.007,0,0
145,0,0,0,0,0,0,0,0,0,0,0,0,0,0,1012.404,0,0,0,0,0,0,0,0,0,0,0,0,0,0,0,0,0,0,0,0,0,0,0,0,0,0,0,0,0,0,0,0,0,0,0,0,0,0,0,0,0,0,0,0,0,0,0,0,0,0,0,0,0,0,0,0,0,0,0,0,15.969,486.655,780.612,921.419,0,0,0,0,0,0,0,0,0,0,0,181.323,0,0,0,0,0,0,0,1011.687,0,1149.374,0,0,0,0,0,100.923,0,4.821,0,0.001,0,0,0,0,0,0,0,0,0,0,0,0,0,0.323,0,0,0,0,0,0,0,0,0,0,0,1155.166,0,0,0,0,0,37035.066,1329.595,257203.004,54281.281,0,0,0,0,0,0,100.39,1977.462,0,30.165,0,0,0,0,0,0,0,0.021,0,0
146,0,0,0,0,0,0,0,0,0,0,0,0,0,0,886.549,0,0,0,0,0,0,0,0,0,0,0,0,0,0,0,0,0,0,0,0,0,0,0,0,0,0,0,0,0,0,0,0,0,0,0,0,0,0,0,0,0,0,0,0,0,0,0,0,0,0,0,0,0,0,0,0,0,0,0,40.32,0,1201.781,0,2294.156,0,0,0,0,0,0,0,0,0,0,0,0,0,0,0,0,0,0,0,0,0,0,0,0,0,0,0,5.248,0,0,0,0,0,0,0,0,0,0,0,0,0,0,0,0,0,0.309,0,0,0,0,0,0,0,0,0,0,0,0,0,0,0,0,0,1530.29,0,25.288,1142202.301,0,0,0,0,0,0,0,0,0,0.002,0,0,0,0,0,0,0,0.02,10.275,0
147,0,0,0,0,0,0,0,0,0,0,0,0,0,0,29.525,0,0,0,0,0,0,0,0,0,0,0,0,0,0,0,0,0,0,0,0,0,0,0,0,0,0,0,0,0,0,0,0,0,0,0,0,0,0,0,0,0,0,0,0,0,0,0,0,0,0,0,0,0,0,0,0,0,0,0,397.927,3895.391,0,0,2.388,0,0,0,0,0,0,0,0,0,0,0,0,0,0,0,0,0,0,0,0,4.528,79.337,0,0,0,0,0,1.311,0,0,0,0,0,0,0,0,0,0,0,0,0,0,0,0,0,0.026,0,0,0,0,0,0,0,0,0,0,0,0,0,0,0,0,0,0,0,0,0,171537.487,3.431,26.509,497.341,0,0,0,0,0,30.875,0,0,0,0,0,0,0,0.002,0,0
148,0,0,0,0,0,0,0,0,0,0,0,0,0,0,20.304,0,0,0,0,0,0,0,0,0,0,0,0,0,0,0,0,0,0,0,0,0,0,0,0,0,0,0,0,0,0,0,0,0,0,0,0,0,0,0,0,0,0,0,0,0,0,0,0,0,0,0,0,0,0,0,0,0,0,0,84.245,0,0,0,125.257,0,0,0,0,0,0,0,0,0,0,0,0,0,779.693,0,0,0,0,0,0,0,74.441,0,0,0,0,0,169.292,0,12.223,0,0,0,0,0,0,0,0,0,0,0,0,0,0,0,0.024,0,0,0,0,0,0,0,0,0,0,0,0,0,0,0,0,0,0,0,0,0,0,20503.282,150.592,156.598,0,0,0,0,0,27.694,0,0,0,0,0,0,0,0.002,0,0
149,0,0,0,0,0,0,0,0,0,0,0,0,0,0,179.548,0,0,0,0,0,0,0,0,0,0,0,0,0,0,0,0,0,0,0,0,0,0,0,0,0,0,0,0,0,0,0,0,0,0,0,0,0,0,0,0,0,0,0,0,0,0,0,0,0,0,0,0,0,0,0,0,0,0,0,53.286,0,0,0,208.077,0,0,0,0,0,0,0,0,0,0,0,0,0,0,0,0,0,0,0,0,0,235.104,0,0,0,0,0,33.398,0,1.389,0,0,0,0,0,0,0,0,0,0,0,0,0,0,0,0.027,0,0,0,0,0,0,0,0,0,0,0,0,0,0,0,0,0,0,0,0,0,0,25.645,47792.156,0,0,0,0,0,0,31.469,0,0,0,0,0,0,0,0.002,0,0
150,0,0,0,0,0,0,0,0,0,0,0,0,0,0,31.662,0,0,0,0,0,0,0,0,0,0,0,0,0,0,0,0,0,0,0,0,0,0,0,0,0,0,0,0,0,0,0,0,0,0,0,0,0,0,0,0,0,0,0,0,0,0,0,0,0,0,0,0,0,0,0,0,0,0,0,0.001,0,0,216.645,123.518,0,0,0,0,0,0,0,0,0,0,0,0,0,0,0,0,0,0,0,0,0,31.839,0,0,0,0,0,0,0,0,0,0,0,0,0,0,0,0,0,0,0,0,0,0,0,0.023,0,0,0,0,0,0,0,0,0,0,0,0,0,0,0,0,0,0,0,0,0,0,0,0,24638.178,0,0,0,0,0,26.846,0,0,0,0,0,0,0,0.001,0,0
151,0,0,0,0,0,0,0,0,0,0,0,0,0,0,0.001,0,0,0,0,0,0,0,0,0,0,0,0,0,0,0,0,0,0,0,0,0,0,0,0,0,0,0,0,0,0,0,0,0,0,0,0,0,0,0,0,0,0,0,0,0,0,0,0,0,0,0,0,0,0,0,0,0,0,0,0.001,0,0,0,1851.4,0,0,0,0,0,0,0,0,0,0,0,0,0,0,0,0,0,0,0,74.497,0,0,0,0,0,0,0,0,0,0,0,0,0,0,0,0,0,0,0,0,0,0,0,0,11.504,0.032,0,0,0,0,0,0,0,0,0,0,0,0,0,0,0,0,0,0,0,0,0,0,0,0,0,98435.88,0,0,0,0,36.99,0,0,0,0,0,0,0,0.002,0,0
152,0,0,0,0,0,0,0,0,0,0,0,0,0,0,14.986,0,0,0,0,0,0,0,0,0,0,0,0,0,0,0,0,0,0,0,0,0,0,0,0,0,0,0,0,0,0,0,0,0,0,0,0,0,0,0,0,0,0,0,0,0,0,0,0,0,0,0,0,0,0,0,0,0,0,0,0.002,0.001,0,0.001,5342.853,0,0,0,0,0,0,0,0,0,0,0,0,0,0,0,0,0,0,0,0,0,0,0,0,0,0,0,0,0,0,0,0.001,0,0,0,0,0,0,0,0,0,0,0,0,0,0.05,0,0,0,0,0,0,0,0,0,0,0,0,0,0,0,0,0,0,0,0,0.001,0,0,0,0,0,21034.181,0,0,0,58.763,0,0,0,0,0,0,0,0.003,0,0
153,0,0,0,0,0,0,0,0,0,0,0,0,0,0,0.001,0,0,0,0,0,0,0,0,0,0,0,0,0,0,0,0,0,0,0,0,0,0,0,0,0,0,0,0,0,0,0,0,0,0,0,0,0,0,0,0,0,0,0,0,0,0,0,0,0,0,0,0,0,0,0,0,0,0,0,0.001,0,0,53.42,13.595,0,0,0,0,0,0,0,0,0,0,0,0,0,0,0,0,0,0,0,25.209,0,0,0,0,0,0,0,0,0,0,0,0,0,0,0,0,0,0,0,0,0,0,0,0,0,0.03,0,0,0,0,0,0,0,0,0,0,0,0,0,0,0,0,0,0,0,0,0,0,0,0,344.069,0,0,30118.815,0,0,35.166,0,0,0,0,0,0,0,0.002,0,0
154,0,0,0,0,0,0,0,0,0,0,0,0,0,0,1.153,0,0,0,0,0,0,0,0,0,0,0,0,0,0,0,0,0,0,0,0,0,0,0,0,0,0,0,0,0,0,0,0,0,0,0,0,0,0,0,0,0,0,0,0,0,0,0,0,0,0,0,0,0,0,0,0,0,0,0,0.001,0,0,0,164.878,0,0,0,0,0,0,0,0,0,0,0,0,0,0,0,0,0,0,0,0,0,1.429,0,0,0,0,0,96.668,0,3.191,0,66.438,0,0,0,0,0,0,0,0,0,0,0,0,0,0.031,0,0,0,0,0,0,0,0,0,0,0,0,0,0,0,0,0,0,0,0,0,0,0,0,0,0,0,0,91926.429,0,36.145,0,0,0,0,0,0,0,0.002,0,0
155,0,0,0,0,0,0,0,0,0,0,0,0,0,0,137.669,0,0,0,0,0,0,0,0,0,0,0,0,0,0,0,0,0,0,0,0,0,0,0,0,0,0,0,0,0,0,0,0,0,0,0,0,0,0,0,0,0,0,0,0,0,0,0,0,0,0,0,0,0,0,0,0,0,0,0,0.001,0,0,0,0.001,0,0,0,0,0,0,0,0,0,0,0,0,0,0,0,0,0,0,0,0,0,0,0,0,0,0,0,37.46,0,0,0,0,0,0,0,0,0,0,0,0,0,0,0,0,0,0.019,0,0,0,0,0,0,0,0,0,0,0,0,0,0,0,0,0,0,0,0,0,0,0,0,0,0,0,0,0,111395.522,22.626,0,0,0,0,0,0,0,0.001,0,0
156,0,0,0,0,0,0,0,0,0,0,0,0,0,0,0,0,0,0,0,0,0,0,0,0,0,0,0,0,0,0,0,0,0,0,0,0,0,0,0,0,0,0,0,0,0,0,0,0,0,0,0,0,0,0,0,0,0,0,0,0,0,0,0,0,0,0,0,0,0,0,0,0,0,0,0,0,0,0,0,0,0,0,0,0,0,0,0,0,0,0,0,0,0,0,0,0,0,0,0.004,0,0,0,0,0,0,0,0.001,0,0,0.001,0,0,0,0,0,0,0,0,0,0,0,0,0,0,0,0,0,0,0,0,0,0,0,0,0,0,0,0,0,0,0,0,0,0,0,0,0,0,0,0,0,0,0,0,0,89116.271,0,0,0,0,0,0,0,0,0,0
157,0,0,0,0,0,0,0,0,0,0,0,0,0,0,14.942,0,0,0,0,0,0,0,0,0,0,0,0,0,0,0,0,0,0,0,0,0,0,0,0,0,0,0,0,0,0,0,0,0,0,0,0,0,0,0,0,0,0,0,0,0,0,0,0,0,0,0,0,0,0,0,0,0,0,0,0.001,0,0,0,297.697,0,0,0,0,0,0,0,0,0,0,0,0,0,0,0,0,0,0,0,469.744,0,0,0,0,0,0,0,695.05,0,0,1238.108,0,0,0,0,0,0,0,0,0,0,0,0,0,0,0.029,0,0,0,0,0,0,0,0,0,0,0,0,0,0,0,0,0,0,0,0,3672.887,0,0,0,0,0,0,0,0,0,33.482,110434.331,0,0,0,0,0,0,0.002,0,0
158,0,0,0,0,0,0,0,0,0,0,0,0,0,0,0.09,0,0,0,0,0,0,0,0,0,0,0,0,0,0,0,0,0,0,0,0,0,0,0,0,0,0,0,0,0,0,0,0,0,0,0,0,0,0,0,0,0,0,0,0,0,0,0,0,0,0,0,0,0,0,0,0,0,0,0,0.081,0.02,0,0.022,0.055,0,0,0,0,0,0,0,0,0,0,0,0,0.011,0.019,0,0,0,0,0,0.008,0.006,0.019,0.003,0,0.008,0.008,0.007,0.03,0.019,0.01,0.01,0.023,0,0,0,0,0,0,0,0,0,0,0.004,0.006,0.007,2.002,0,0,0,0,0,0,0,0,0,0,0,0,0,0,0,0,0,0,0,0,0.025,0.01,0.009,0.008,0.009,0.008,0.004,0.007,0.009,0.012,2350.371,0.008,19734.808,0,0,0,0,0,0.128,0,0
159,0,0,33.448,119.091,0,0,0,0,0,0,0,19195.245,0,61.668,52.237,0,0,0,0,0,0,0,0,0,0,0,0,0,0,0,0,0,7.841,0,10.924,0,0,0,0,0,0,0,0,0.797,0,0,0,0,0,0.001,1.222,0,0,0,0,0,0,0,0,0,0,0,0,0,0,0,0,0,0,0,0,0,0.001,213.94,0,0,0,3407.856,44.024,0,0,0,0,0,0,0,0,0,0,39.353,0,0,311.567,0,0,101.676,1343.899,0,442.418,0,0,0,0,0,422.391,0,1362.039,261.862,16233.176,0,75.176,0,0,0,0,0,0,0,0,0,0,0,0,142.72,0.295,0,0,0,0,0,0,78893.113,0,0,0,0,0,0,0,11.241,0,0,0,0,0,1116.892,0,0,0,0,0,0,0,0,0,0.001,0,0,1142913.389,0,0,0,0,0.019,0,6291.665
160,0,0,0,0,0,0,0,0,0,0,0,0.001,0,0,0,0,0,0,0,0,0,0,0,0,0,0,0,0,0,0,0,0,0,0,0,0,0,0,0,0,0,0,0,0,0,0,0,0,0,0,0,0,0,0,0,0,0,0,0,0,0,0,0,0,0,0,0,0,0,0,0,0,0,0,0,0,0,0.001,0.002,0,0,0,0,0,0,0,0,0,0,0.001,0,0,0,0,0,0,0,0,337.376,0,0,0,0,0,0,0,304.882,0,0,0,0,0,0,0,0,0,0,0,0,0,0,0,0,0,0.397,0,0,0,0,0,0,0,0,0,0,0,0,0,0,0,0,0,0,0,0,0.001,0,0,0,0,0,0,0,0,0,0,0,0,0.002,69830.628,0,0,0,0.025,0,0
161,4.777,0,0,0,0,0,0,0,0,0,0,0,0,0,8223.643,0,0.001,0,0,85.694,0.001,0,0.001,6.989,0.001,0,5778.163,0,0,0,0,683.301,675.795,0,29.11,0.001,109.878,0,0,0,0,0,0,0,0,0,0,0,0,0,0,0,0,0,0,0,0,0,0,0,0,0,0,0,0,0,0,0,0,0,0,0,0.001,2808.757,0,0,0,0,0,0,0,0,0,0,0,0,0,0,0,1.101,0,0,2570.211,0,0,0,0,0,0,0,0,0,0,0,283.174,0,874.352,0,69553.004,0,0,0,0,0,0,227.953,0,0,0,0,0,4438.658,107317.805,1543.564,5092.572,0.002,0,0.004,0.001,0.006,0.003,0.003,0,0,0,0,0,585.095,2.53,0,0,0,0,2.571,13936.718,23049.5,0,0,0,0,0,0,0,1.173,0,31.578,0,0,0,0,974167.097,0.003,0,0.007,0,0
162,0,0,0,0,0,0,0,0,0,0,0,0,0,0,0,0,0,0,0,0,0,0,0,0,0,0,0,0,0,0,0,0,0,0,0,0,0,0,0,0,0,0,0,0,0,0,0,0,0,0,0,0,0,0,0,0,0,0,0,0,0,0,0,0,0,0,0,0,0,0,0,0,0,0,0,0,0,0,0,0,0,0,0,0,0,0,0,0,0,0,0,0,0,0,0,0,0,0,0,0,0,0,0,0,0,0,113.774,0,43.103,0,0,0,0,0,0,0,0,0,0,0,0,0,0,0,203.562,0,0,6430.98,0,32576.467,2079.557,296482.254,0,0,0,0,0,0,0,0,0,0,0,0,0,0,0,0,0,0,0,0,0,0,0,1.262,0,0,0,0,0,87751.286,0,0,0,0
163,0,375.363,325.3,1158.22,287.599,1208.013,0,0,0,699.637,0,78775.365,6146.535,70456.656,11892.959,162.523,0.001,0,0,0.001,0.001,0,0,2041.394,933.051,0,2359.019,219.418,0,0,0,0,611.608,0,0.001,0.001,0,0,0,0,0,0,0,0,0,0,0,0,0,0,0,0,0,0,0,0,0,0,0,0,0,0,0,0,0,0,0,0,0,0,0,0,0.001,510.574,0,0,11037.185,0,0,0,95.334,443.568,0,11806.478,0,19935.749,0,0,0,0,0,0,1232.476,16.577,0,28046.26,367.888,0,41580.513,0,0,0,0,0,5196.836,0,1674.273,1140.27,0,0,0,0,0,0,0,1562.665,0,2299.017,638.095,4548.649,13611.131,0,0,0,4270.947,0.002,0,0.004,0.001,0.005,0.003,0.003,0,564.58,31.062,5794.523,0,173.608,491.124,0,2882.633,0,52008.435,2912.282,1014,1013.563,0,0,0,0,0,0,0,4323,0.001,107.921,0,0,0,0,0,0.003,1055197.391,172.334,4245.535,0
164,0,0,0,0,0,0,0,0,0,0,0,0,0,0,-0.002,0,0,0,0,0,0,0,0,0,0,0,0,0,0,0,0,0,0,0,0,0,0,0,0,0,0,0,0,0,0,0,0,0,0,0,0,0,0,0,0,0,0,0,0,0,0,0,0,0,0,0,0,0,0,0,0,0,0,0,0,0,0,0,0,0,0,0,0,0,0,0,0,0,0,0,0,0,0,0,0,0,0,0,0,0,0,0,0,0,0,0,0,0,0,0,0,0,0,0,0,0,0,0,0,0,0,0,0,0,0,0,0,0,0,0,0,0,0,0,0,0,0,0,0,0,0,0,0,0,0,0,0,0,0,0,0,0,0,0,0,0,0,0,0,0,0,0,0,2186248.518,0,0
165,0,0,0,0,0,0,0,0,0,0,0,0,0,0,0,0,0,0,0,0,0,0,0,0,0,0,0,0,0,0,0,0,0,0,0,0,0,0,0,0,0,0,0,0,0,0,0,0,0,0,0,0,0,0,0,0,0,0,0,0,0,0,0,0,0,0,0,0,0,0,0,0,0,0,0,0,0,0,0,0,0,0,0,0,0,0,0,0,0,0,0,0,0,0,0,0,0,0,0,0,0,0,0,0,0,0,0,0,0,0,0,0,0,0,0,0,0,0,0,0,0,0,0,0,0,0,0,0,0,0,0,0,0,0,0,0,0,0,0,0,0,0,0,0,0,0,0,0,0,0,0,0,0,0,0,0,0,0,0,0,0,0,0,0,0,0
166,0,0,0,0,0,0,0,0,0,0,0,0,0,0,0,0,0,0,0,0,0,0,0,0,0,0,0,0,0,0,0,0,0,0,0,0,0,0,0,0,0,0,0,0,0,0,0,0,0,0,0,0,0,0,0,0,0,0,0,0,0,0,0,0,0,0,0,0,0,0,0,0,0,0,0,0,0,0,0,0,0,0,0,0,0,0,0,0,0,0,0,0,0,0,0,0,0,0,0,0,0,0,0,0,0,0,0,0,0,0,0,0,0,0,0,0,0,0,0,0,0,0,0,0,0,0,0,0,0,0,0,0,0,0,0,0,0,0,0,0,0,0,0,0,0,0,0,0,0,0,0,0,0,0,0,0,0,0,0,0,0,0,0,0,0,0