SECTORNUMBER,1997,1998,1999,2000,2001,2002,2003,2004,2005,2006,2007,2008,2009,2010,2011,2012,2013,2014,2015,2016,2017,2018,2019,2020,2021,2022,2023
1,149784.2483,149176.7065,151419.9679,155998.5516,150878.3559,145792.1139,156370.3995,164237.581,163390.68,161194.7217,162341.2479,152248.1539,166232.2208,171121.1251,156036.8185,155607.4723,169314.8268,175487.727,173913.2452,189950.0032,188237.4705,181644.1175,172549.2556,180681.1786,177531.617,163186.43,167094.9553
2,149636.3334,151731.5811,156360.8966,158174.6132,159921.2522,163119.4505,162892.679,165727.9919,170299.8008,174303.1904,176997.8998,176528.016,174009.063,169761.7548,176136.9142,181555.9817,178800.5279,178397.8666,187102.4973,193727.9626,202952.428,205857.9074,209320.1858,212493.6867,211700.2622,209426.9201,214109.2685
3,3506.492223,4118.951013,4739.099953,3946.896913,4047.134147,4290.299517,4345.844391,4580.999791,4618.309167,4539.008339,3335.620497,2843.328796,2814.707638,2776.554453,2553.134825,1949.377588,2584.15285,3471.109302,3842.669102,4179.496979,4502.754671,4603.733434,4440.863494,4901.741739,5626.276318,5648.007462,5641.85126
4,20664.8654,24274.27835,27929.01179,23260.30924,23851.0389,25284.08917,25611.43264,26997.27763,27217.15356,26749.80876,19657.86439,17527.07608,18241.44653,19048.31779,18703.31588,15391.05049,16371.85453,18449.39246,17848.88592,17234.86589,16822.04814,17199.29936,16590.82609,18312.6423,21019.46435,21100.65068,20982.27524
5,9986.573139,10372.37305,9600.186053,8870.888422,10068.34241,9621.865078,10790.54158,11160.43704,9937.672638,9137.288555,9016.747548,8856.126095,9321.790259,9648.589218,10867.80969,9090.624848,9122.917062,8629.145673,8473.740016,8731.952919,9239.101769,8372.094824,8373.944267,7620.313901,8274.110549,8108.790919,8086.775078
6,26353.38609,27334.60961,27750.51989,24093.81084,25560.26756,25489.8182,26436.31073,27333.97903,27582.17889,27992.24927,29445.36421,31134.5294,29327.96684,28570.80266,29038.32905,31329.61459,31057.01179,34029.56948,33923.88078,29802.58272,29718.0964,29914.39548,28854.79862,29523.72222,30256.65325,31023.36331,30868.30013
7,150523.4412,142794.3414,136931.0505,141800.9597,142001.9259,131878.0084,136609.1265,136575.6721,137325.0002,136102.1769,140628.9011,149197.2684,155026.5834,161202.197,171354.7137,191747.1578,206509.712,227328.5885,223190.6153,208548.2636,212664.0024,252227.6167,278309.7628,253477.5892,278497.0401,301768.1508,305517.0557
8,52296.42617,51536.95278,46427.89247,44482.81088,44921.4131,42055.32405,41860.85819,44487.27281,46791.03923,47358.39146,47354.73433,47138.49812,42179.44971,41471.00859,43869.22047,39820.97262,38236.48377,38069.18688,32256.5537,26378.70534,27800.70851,28099.91642,26133.59165,19985.73946,22207.56896,25395.58037,27020.62653
9,29264.26716,30673.59122,28968.44817,29563.45049,27213.54871,25709.91141,24548.1643,25184.67662,26461.50416,25396.51693,23920.74233,25134.72861,24206.28933,25143.52872,25172.90383,25517.83735,25545.25637,26708.76804,26179.92666,27455.95768,27315.39901,25963.44151,24839.65452,24119.39496,25787.53294,25513.10579,26976.33284
10,32391.18194,34022.12001,34640.95095,34230.32154,34020.50993,33933.32091,34863.61891,36720.79245,38904.49159,40269.53822,35502.43197,33333.0308,28131.9517,28289.25339,28484.66781,27935.41877,26938.54811,29236.83737,28686.61124,27979.9388,29359.96477,30392.94343,29958.28352,28283.08998,29963.08007,31140.59491,33067.60403
11,121067.189,105896.1083,90218.86635,112248.8229,132347.6371,97117.84902,110794.6739,118150.9634,129500.3311,140951.5065,139644.8729,150444.1984,108868.6872,126503.4306,158901.8529,178533.5623,177717.7681,191775.496,157907.4994,89774.90952,118269.9331,146099.1878,148601.1948,91324.07161,92770.08585,111898.1176,112913.6546
12,324724.487,344611.2435,412022.8748,446010.0034,493011.9138,354524.2009,337093.9004,331319.4703,356872.7547,353660.508,373976.0158,412534.3962,389660.2044,444887.8106,437085.6798,450640.6271,452439.2339,457151.9834,467970.7499,465070.0325,455761.4557,470774.4019,466057.2419,451123.475,464948.951,479331.6791,479999.5691
13,132984.2057,134475.9383,147756.2392,164543.0993,170646.308,162573.4963,156629.1949,151950.7327,156194.8227,146103.7231,149434.0795,154124.8977,126698.9346,125891.8165,115953.3458,103673.2607,105794.8106,106736.154,91468.75165,86662.33698,80214.41181,87186.55255,88666.72846,86382.33066,86805.25758,91358.2445,88881.18696
14,60349.32122,61947.85755,62856.352,62407.7353,63186.42161,63231.92656,64359.07864,64931.22218,66600.58298,68967.63963,69266.54709,70709.13575,74162.78702,75081.74343,75169.28749,75366.67262,76363.28892,78211.84836,79340.66851,80459.6174,80966.81977,81863.67104,81798.22223,78228.55994,77135.29349,80084.90951,80870.44972
15,1470484.187,1564519.934,1626542.194,1691501.057,1703806.153,1679590.701,1729841.392,1803053.397,1853444.173,1831125.441,1748314.138,1609681.702,1408466.676,1292813.174,1254979.744,1313045.306,1355129.503,1438403.612,1563965.307,1653975.154,1669683.071,1685381.861,1701339.194,1729926.205,1748701.48,1646679.94,1690584.177
16,44731.42756,47825.41828,46366.4859,44501.27658,46738.78872,47013.03619,55296.704,47429.20751,50762.40536,50323.24744,51347.5552,51251.96969,53665.65928,52201.66321,50343.1221,51063.35149,51723.72319,52608.66389,53948.41819,53634.50116,53884.04469,54172.57863,52388.45948,54651.02801,53608.88853,48015.77997,48493.55929
17,68776.12328,73116.59938,74153.49359,68801.76652,67992.10488,71196.16972,73029.09829,73816.44228,77702.47176,72878.77838,75133.61725,79470.90411,84911.77471,83409.53721,82787.86033,82494.11942,81431.45364,80259.47126,84448.10219,82140.14308,78079.83289,79458.92934,80979.4382,83344.95731,80678.5351,78878.98993,78699.66594
18,36642.71499,38470.90329,37848.50393,39577.12288,38269.49447,37065.30759,37028.1194,37320.43416,38752.01867,36915.99734,35199.35844,32461.95174,31714.52973,33233.75497,31703.62618,32779.16755,34759.63661,34409.43185,35141.88013,37380.91721,38002.21535,36814.82643,37939.15969,35277.81336,36280.80215,34766.93148,34483.33719
19,65536.22556,67767.27644,68089.27978,69370.17279,70574.04668,72224.5169,69753.09437,68945.94853,69307.20417,69362.31531,72356.15407,72685.06293,70268.1984,70571.26036,67484.63024,69976.11048,71875.80387,71802.09576,72334.41436,72318.7674,71980.31513,70893.74101,71311.56119,74219.55433,72375.74688,65683.35791,65138.39661
20,82643.28608,80540.14015,79296.99577,81014.53542,80507.78941,86640.72183,86025.05216,84887.53552,89358.41075,90152.04388,94640.87119,95274.42549,96560.76386,102381.9974,102152.3989,103755.9025,104353.3592,105082.5198,112333.1142,113637.8303,112782.3177,115323.4659,116980.8293,122121.6278,120383.1397,112028.1673,112126.8276
21,171657.852,176383.1789,180437.6348,183115.7289,182677.0259,188190.7234,185811.0679,183524.6953,192073.2621,200394.5222,202674.8896,206364.6972,208150.4958,204489.5265,204756.8873,198518.7319,202123.9886,194478.6528,202877.3745,213300.2631,216867.9903,220182.7421,221594.3563,225075.343,217398.3594,220434.9878,218897.4207
22,10572.27113,11228.94477,11237.12589,11667.15451,12726.02431,12861.40979,12614.76052,13121.87522,13657.40808,14390.35195,13305.02486,11613.70811,12080.23434,11374.76379,10918.08093,11135.04457,11833.6482,12644.03396,14108.77125,13433.24843,13836.02406,13247.09733,13325.45987,12432.1662,12842.52165,12278.3791,12339.69754
23,81126.1753,84401.18103,85949.63249,86647.85968,86333.24973,84765.47712,82706.57237,86298.37568,86947.57818,85316.99828,85378.355,81694.37415,79077.97379,78880.7902,78869.48038,79371.02996,80289.82268,80606.84339,79945.51249,79346.94406,76083.35127,72709.69028,73626.20567,74729.52552,79524.44002,74522.10068,73614.81605
24,75139.55476,78898.53128,79583.33769,79442.75244,76081.84991,82937.7152,87516.61993,89869.10824,90680.11473,94961.88697,93570.75099,93042.03362,94681.16392,95178.22277,96974.31173,98094.33065,100383.9054,105097.6897,106017.0287,114172.1734,118589.3444,113892.49,117437.3185,119905.8477,122115.8563,111222.0926,110826.4825
25,233204.5384,226557.4983,207201.0935,206598.9463,197481.5461,182516.9272,179406.0248,185518.2802,192234.1848,194029.5967,193541.8847,186923.5999,188015.736,184725.2215,182739.0161,179102.0247,179719.578,174548.6571,181123.4553,183638.5891,178872.625,176175.5619,174981.4567,167893.0207,172627.4847,181079.5876,180343.619
26,106187.9621,106634.3159,106383.6334,103398.1117,93281.15372,89729.20887,86374.44888,86765.49307,87873.94433,79794.81406,70775.57077,60340.94663,49970.81175,50695.40277,49988.66804,49890.35958,50911.53119,51729.41572,49490.59415,48379.30822,45803.99633,45555.60146,44298.13911,41132.38194,42011.33229,39405.59,36863.68177
27,103314.012,93022.98724,89878.1692,87810.44666,68462.74679,59198.10885,50848.27127,45053.50508,46461.89332,45006.3706,33337.90567,29644.72661,26889.32903,24796.74328,25181.32722,20940.77339,20438.41376,19737.70221,18995.73792,18948.01834,16549.01295,17634.17769,18040.25389,31001.33799,43514.84648,26925.73036,34701.31797
28,33595.75871,34828.50777,36250.98768,35974.46366,34170.21026,34924.75747,35318.69892,35022.34832,37955.3989,38841.55684,34796.44379,31474.83901,27099.22293,28282.44654,28433.05024,29860.94782,31236.79922,29466.24312,32557.86074,34164.20227,35951.89408,35825.3381,34706.35932,42196.70466,40428.5854,42814.01784,45449.14472
29,25253.23973,27242.76317,27478.33065,27922.03749,26537.36095,27935.95293,27544.56198,27490.39268,29673.84155,30391.02805,27652.50753,22982.78889,16942.22868,17579.03009,18197.03476,19702.00807,21274.07627,22061.65508,22718.32439,23608.56229,23986.14808,22475.68158,21796.18156,20399.0889,21160.97019,20024.20967,21127.2078
30,54128.88626,56793.46925,57887.9626,54682.41895,49986.61248,53312.26855,53602.50282,57260.38807,61407.73536,61183.49037,59167.13115,51128.75272,39062.10095,40552.78648,41449.54298,40680.28017,42443.13614,43895.70403,45706.81015,46138.70556,47155.95393,53601.63345,50587.92837,51389.37599,55343.27365,52197.2315,54583.53408
31,101645.615,101160.2516,104419.4576,100722.7085,94823.12453,96825.20259,93464.87971,94572.9674,94686.65509,94553.46082,93501.93329,90338.03072,82148.24816,84682.71866,85871.25853,85394.93925,85448.44173,83851.03407,81498.71638,77904.55363,76132.0262,72966.08794,73642.37738,68781.88099,67571.56559,61581.32378,61066.20167
32,128298.8341,128929.0379,128553.0288,123757.9188,117692.8241,119367.9008,116213.4456,115646.6931,116067.8147,114103.0216,118314.2989,111737.7162,100945.2554,103907.6919,105643.9155,102959.4462,104488.2913,104414.9301,105436.0727,105680.2016,105793.0473,107518.8232,107101.3528,105390.0776,105772.7147,94812.83847,92978.72655
33,92694.2061,93197.29438,92920.46733,92346.59716,89689.25899,91873.60688,87708.11721,86301.04096,85425.71684,83383.09119,81785.84373,79443.95989,68547.26612,70082.8264,70660.7333,69270.34899,68556.22698,68002.39948,67734.25346,70270.7409,68897.03204,66595.61044,63884.45161,58978.45918,59930.24973,58790.19795,54944.46245
34,423874.3638,411431.4758,434520.0346,448408.5429,445640.7535,450589.1035,429574.4214,467230.7019,498135.4674,492474.8715,493719.1323,470583.5383,472234.2172,466469.8664,481456.0435,483759.1017,508530.9141,495110.796,489553.5309,515711.945,529737.0775,544781.7042,547034.6627,438005.2003,468622.532,490207.3307,480174.2185
35,419569.2583,426505.8136,429764.7906,412773.2252,382043.4108,401147.5893,402273.9525,427708.7253,429121.4213,434033.4954,473466.354,415881.4902,363521.5005,412163.8818,398179.024,415359.2908,428390.9878,414368.9829,403791.2422,418760.1251,416877.3184,405366.0475,390198.0512,363855.0067,365971.0534,351001.3949,365009.7351
36,194388.783,193085.3264,197192.1729,208815.7664,220813.2007,243856.7233,246970.333,249287.7931,253105.7583,263302.1295,268644.6248,246205.7064,222664.1307,220746.9651,224795.3316,209596.2958,229358.2502,227643.5492,224277.2177,216292.2422,207950.385,211317.3981,214639.2285,210078.2287,224062.0706,247704.0432,259307.4328
37,113851.256,112597.7113,113226.7975,118004.5084,117931.1085,123968.3214,118979.5101,126986.8256,132282.5895,130604.8585,139521.6137,123695.0578,112424.9848,118092.5323,122662.1944,115683.6367,115399.9632,116290.879,115783.6101,114271.3819,117193.635,120210.5041,118406.2631,109152.6585,112009.0716,109114.2201,113705.4345
38,183186.9172,192196.9564,204554.4527,206879.4078,196636.2092,202732.6505,202650.6857,205160.004,207383.2784,207710.236,202420.6972,184222.9169,154236.6426,166780.8159,166696.11,177185.9092,180323.2214,184394.7926,188728.3892,190261.7275,191326.7594,194406.5283,191662.5786,185038.727,189312.1361,181295.3501,176062.742
39,50183.65729,50904.7054,51570.85508,52191.47532,47472.35492,47106.37947,47167.23118,48039.79038,47804.28515,46709.24527,46722.48931,40928.5464,35798.7352,40197.89122,42780.82127,41679.18496,41139.4425,41692.88682,42532.20425,40012.81723,42127.22745,44085.12784,42546.09733,35861.45472,40123.44721,40570.87758,39454.52186
40,134015.889,141081.7714,142901.3086,143833.2194,138566.1337,139805.3303,141792.0303,145552.3125,150865.2129,155076.7427,154595.4136,135367.3428,103041.8801,107110.5098,109583.2754,109344.5059,114227.0372,118271.7321,120218.9409,123638.1246,124976.0025,123417.2421,124512.4611,120689.3858,123390.0784,119821.3702,114430.886
41,109494.1002,110617.7311,110499.3466,108427.9693,98808.00928,100082.9751,97118.40367,113355.8964,111158.8312,111054.9762,113952.1678,119921.7949,77666.19368,98590.08136,107249.0164,111294.522,114690.4356,112832.2927,105204.2075,99476.37442,101975.0845,106553.7812,99951.28358,92040.0628,94068.86314,101921.481,106529.0904
42,16217.34483,18539.02066,18144.61821,19595.32017,15742.33517,14459.56506,13142.66973,12895.8398,11732.55064,10644.5901,9857.05487,8875.327382,5974.089565,7811.092469,8576.460744,8753.744995,9533.040006,9524.398577,9223.539613,9047.929116,9244.964266,9428.975175,9314.228147,9148.892913,8365.742096,8601.534724,8968.457891
43,35870.00419,40697.1368,39225.66302,37307.01077,33596.4485,34255.91192,32417.96312,35133.17016,36755.05934,36237.87078,35389.40495,32010.38387,24676.47803,29101.73658,30448.77804,36190.67641,38725.70579,38265.34594,38656.07613,36850.84,34362.6975,36458.49642,35679.79382,32238.48955,34770.22815,36284.25156,37903.90857
44,52459.65009,60007.13394,54862.36912,50462.12592,44325.3996,45528.91075,44032.25808,44806.33519,44702.0945,42299.41564,49418.76513,49040.72486,38799.88671,46276.69472,48122.89912,52652.68734,54717.21174,55245.60281,50525.196,48788.50156,45961.54988,46897.34293,47387.89072,44105.88151,46639.87694,51801.94483,53597.83037
45,40699.58656,42081.19512,42307.2449,41798.98885,37857.30376,36421.45083,34803.00561,37668.05329,38444.68211,40179.63119,37975.10033,31904.06471,24338.78053,28282.85034,30590.84788,31261.89562,31224.15502,32448.29695,30889.15627,28387.09758,28818.67436,29581.83658,28449.32075,23024.66295,24152.19114,25841.40668,27019.5781
46,144183.2958,145659.247,146742.346,148961.0088,136703.6611,136516.8211,136870.4655,134950.678,139815.0402,146800.714,153399.6428,146615.3852,117079.0939,126436.144,136300.16,132852.3404,132818.2342,132381.2749,127943.5067,122719.5032,121306.2623,126286.7112,125928.6685,115279.8959,114548.8455,111614.0592,105817.9859
47,110434.8401,115232.7549,119237.286,122535.6734,118519.6334,117120.0634,114843.5821,111767.4013,117245.6487,126774.017,132647.0339,130253.3804,101064.0562,98707.30999,102390.1702,108215.0838,110842.7785,116474.7378,116091.414,115254.4038,117308.8055,116261.884,116494.3127,111432.9382,108763.659,95901.46455,91396.70507
48,57587.26584,58409.67596,59561.1012,63105.32447,58561.06029,56475.93767,55696.84116,58867.00995,62525.41053,66190.95107,68766.94548,68183.62702,51427.24019,58593.71623,66663.82341,68519.96799,69718.31631,70654.41761,67229.46702,66440.40148,66156.3891,69672.3387,67824.29688,58156.65448,61066.45711,62423.12991,59996.97491
49,25806.9028,27087.25723,27150.31366,28589.08105,26443.00691,26140.96515,25394.82615,27101.59381,29884.19532,30242.29999,30907.04605,30824.38721,22727.36068,26239.44979,28335.81935,28537.23458,29209.87548,30009.11057,27708.10807,25954.31705,26121.57893,28239.62233,28410.66664,24082.65954,27300.29014,27284.33952,25879.87283
50,250483.0843,255631.6528,245733.7573,268287.3899,235203.5155,218349.432,222396.3746,238009.8954,259363.9751,275254.1358,290017.6,284808.2986,220304.1113,245833.8474,273311.0976,299928.7667,293862.6555,296406.2785,263238.3698,245089.7394,263255.0924,262189.035,260138.6215,230919.0036,242460.4401,247030.9486,235563.4655
51,28759.86055,30611.26546,29497.29326,27966.3698,24917.11523,26416.79029,25013.17628,25100.81771,25531.63671,27333.32055,26678.53407,26151.50728,22042.31863,22989.13404,24485.05578,25433.38848,24112.70281,25255.74248,25056.73182,24436.0669,24090.63753,24045.47841,23245.09306,21888.95678,24101.21247,23873.61199,22755.57656
52,38031.88389,37067.87875,35893.50707,36824.68853,31276.1171,31841.49836,30130.94511,30181.21198,31589.17629,31808.58054,31908.22021,33262.79033,24417.01276,28867.50974,33438.30472,31843.69596,31163.56234,31920.13093,30988.79786,29367.51256,32673.62638,32770.10105,29992.41638,27472.5535,29924.03532,29514.43424,27725.76465
53,44134.58181,45961.11087,46983.83711,47656.35986,47928.74783,48711.68442,50111.70489,45813.5655,49632.38969,50741.21505,50990.85344,48121.18133,37633.82128,42247.81112,51985.57512,56475.41311,50378.91291,52394.75787,50018.1183,44139.83906,46189.69695,47382.44616,44022.11061,34911.71547,38630.47423,38329.67187,36631.99041
54,10166.56497,13855.51145,17759.82033,21072.78643,21106.45904,20811.07668,22209.01632,22987.42725,27821.54706,36071.24826,39576.24785,45287.12966,39935.88074,33131.11717,26791.84997,25348.52301,24053.98322,21633.96331,21687.53121,22899.16936,20348.54922,20381.11367,19200.27196,17956.10868,19142.23012,20240.65941,19229.92922
55,13544.61535,15117.26416,18634.64452,24018.72416,22287.07883,16434.42807,18850.19252,20466.75823,21295.68871,26382.31326,26617.01198,26539.02514,24500.7766,28621.37879,28969.31026,30163.23894,32668.38132,32126.21831,35509.44669,34419.42386,35800.0271,39300.15822,41637.8283,37731.22342,40735.56951,44377.18894,42911.98083
56,7361.960009,7925.714316,6777.615545,7496.469822,8725.053766,8394.830115,8438.669352,9658.108643,10441.51448,10552.04582,11760.65776,8483.404778,7212.851463,4645.304506,7988.526252,2948.986072,2973.251742,2971.714813,2925.049483,3531.349128,3096.760328,2963.860529,3287.359214,5615.831147,7664.991852,5825.480131,6776.264114
57,37445.61936,45598.47342,60435.89764,83038.5149,76224.22375,70034.2999,76836.5528,82365.32179,87500.80165,86794.27191,97993.73054,98440.56119,77030.42818,89390.27183,94835.45257,86255.59288,86125.40158,86173.04197,89259.60313,88008.03275,94287.83488,94887.01101,96092.92877,96946.99397,105799.3337,111770.152,107704.4456
58,101727.6491,102228.7612,105033.5146,112609.8687,108987.3319,99285.57135,100003.9908,108932.0433,112412.2405,116440.1084,132365.08,134537.246,122797.8918,130923.8385,135512.4462,140062.5188,138212.5078,136606.7175,134345.4649,137989.148,147287.765,152606.7556,152633.4001,145174.9972,143953.0015,141248.7725,138186.6786
59,7660.730601,8060.136153,6765.292327,6890.598587,6483.934889,6447.541921,6849.501007,7163.983832,7088.587422,6155.148338,6133.464767,6312.762447,4457.321889,4342.999391,3516.870756,2946.694134,2623.953593,2419.299127,2367.601082,2369.071174,1927.031485,1823.457877,1423.603253,1266.570545,1852.241539,1944.346642,1966.488114
60,15073.36813,16155.11537,16314.67413,16161.23496,15090.47283,15090.28495,13985.03668,14185.50602,14571.74121,15093.06483,14518.72604,14196.65755,11297.73678,11142.44834,12168.58981,11942.01457,11956.49743,11931.36916,11717.26688,12189.30715,12899.60021,12618.43459,11863.32452,10590.81,11360.69128,11015.67229,11655.09512
61,21500.03853,23145.58138,23095.09694,24143.62542,23154.04092,23134.27438,24114.62695,25109.01108,25054.8689,24262.68989,23468.53733,21244.46261,17783.34811,18017.6207,17915.26239,18963.91027,19064.8933,20318.31582,21769.37282,22901.48438,23786.85125,22977.04112,23346.75551,22952.50883,24996.17924,22821.37568,23782.32578
62,48777.03196,48803.91681,47937.32042,49377.8202,44267.75091,41472.30251,40459.84717,41860.81137,42299.60334,44196.05971,46979.46579,46043.42857,37034.96547,36553.04025,38440.63627,37676.24534,37971.55163,38891.64209,37201.8991,35953.24365,35996.13851,36238.09459,37122.78708,34970.17351,36156.16731,33707.88173,34961.70322
63,54838.32776,58625.36646,64046.3255,69999.14785,59374.5405,52507.71616,50600.54517,49340.24676,51017.5473,50753.36105,52382.79705,51324.04127,40612.82926,45625.97621,47973.97505,49565.11467,50235.77887,51969.61214,53206.953,50076.7999,47712.39802,46865.48877,46179.42878,45413.4033,46035.16214,45716.52067,47630.96209
64,262824.5574,282680.2787,319288.8756,302861.4195,303685.9478,309131.6287,314067.6988,319894.1277,326539.9679,336714.6422,318739.4387,246354.45,186901.3385,243861.5783,285468.5824,291325.3678,311337.7888,322326.7407,330816.167,312239.4843,277585.9323,315868.2414,334838.3176,311031.6837,378382.2481,363557.7986,390375.9313
65,29027.61984,32144.19756,35728.12455,33283.3003,25552.41445,28966.56489,30232.18039,33282.21046,35185.36529,36376.05653,35228.34666,27143.10009,20514.44922,24294.92291,26507.63598,29746.30525,32098.2437,36289.77905,39012.81841,40870.63698,43525.74488,47283.76188,51427.80255,47100.33751,51343.62055,51601.28715,56413.9567
66,190393.2483,197018.7494,220912.1278,220047.6757,201610.1314,216054.7465,214989.9305,213530.5974,215226.4761,206441.9812,208165.4604,177384.6092,138619.0316,167903.7728,180364.7802,202605.4892,214623.7436,235678.3253,249518.7626,258539.8899,256248.3518,256613.2149,247290.0961,210628.6546,222019.801,232687.7817,251300.2169
67,153149.3201,188008.1872,175397.9043,143053.1818,163392.7766,150831.6628,135881.6899,132153.2235,150963.4327,150784.2855,192088.6904,187182.6638,173671.91,183365.7032,190634.2994,213766.7884,221690.5876,232560.9242,231201.5178,214610.1881,243888.6698,256231.7013,235550.771,182859.5574,177652.9447,218040.9818,247851.1364
68,10728.02748,12241.05381,12666.17382,11566.74406,10450.2196,9496.964517,8585.106527,9323.045672,10278.71368,11462.19128,14105.99339,15827.6274,12509.79,11385.39731,13131.40311,16898.89521,19513.1249,21764.06695,21254.29614,15721.457,12654.40158,11976.21805,10898.29181,8478.306719,8230.627715,8470.175433,9792.772517
69,14768.36654,16118.33749,16682.88371,16689.64299,17480.39583,18099.43093,18235.18332,18661.09639,19248.39269,19324.477,19990.97914,21665.41106,20145.28959,19788.46244,20229.93983,22628.24861,23010.28947,23210.69695,24627.86694,22906.34356,24875.17467,24432.04327,24222.32046,24540.34085,26047.44418,27850.42828,32610.70126
70,20855.34878,23445.55311,23046.55312,25426.65046,29329.59112,30618.52396,31302.80219,32581.15897,35981.60934,35186.63903,40021.92884,46930.4389,39282.18508,35757.48946,31374.24933,26337.18271,26043.25357,26208.92433,27746.67802,28642.81595,31236.64711,29807.95376,27886.15344,31540.2662,32953.05341,35230.01652,39202.14286
71,79584.35728,84634.77697,86923.26525,91091.16765,86208.75881,88314.82088,87211.40115,88909.99196,92515.67257,92398.04788,87375.88284,75685.63884,54724.48289,51862.6376,51947.48527,57118.6999,58076.76863,58782.53109,62879.23971,63663.79043,63964.35816,63464.52461,59862.66379,55170.47362,55347.23515,54560.75221,52460.08794
72,8528.179115,9474.960531,9695.568131,10145.10038,11337.73373,9799.921724,10564.54384,10479.48253,10536.11694,10618.21693,10968.87126,11540.69236,10070.18589,10990.44539,10698.8103,10043.48683,10419.34359,10511.68065,10459.35137,10299.73706,10062.65211,10075.49286,10424.85983,11316.39453,12377.98139,11303.45085,11112.89004
73,55042.22573,59045.21075,57248.83082,61810.7143,64818.08144,69462.50871,72816.54684,72282.36995,81226.7452,83620.88693,86663.80546,90123.46198,87912.06636,86941.75952,85619.07882,88705.79105,93986.12153,87778.84594,89207.57778,83026.10742,83939.60765,86638.90956,84924.98599,79239.28065,84638.64005,89341.88083,85994.98818
74,82520.68317,83253.89437,81998.73329,91780.64338,74804.27517,80740.00612,82379.15339,82542.53697,86509.78903,88040.34015,86166.71416,86208.29521,72695.09651,68371.75444,66480.71531,62164.21416,63478.90438,64832.18487,64490.42809,60818.44965,60469.38252,62597.3381,60222.83851,55517.96613,63326.02647,65759.69017,68938.9334
75,993425.0382,1053988.085,1121985.894,1183370.06,1178857.088,1233222.514,1281738.547,1354132.33,1429730.684,1482988.231,1534798.936,1555570.06,1295259.278,1514547.166,1656684.824,1751013.693,1828214.477,1922974.231,1962916.474,1980109.124,2034923.866,2086624.576,2051361.127,1948919.507,2159398.137,2158319.662,2044784.107
76,134077.7866,129017.7184,145040.161,137271.4282,114549.4517,141951.8988,142698.7818,147806.8967,139514.4802,138871.639,140721.629,113843.3485,81294.50719,122400.845,118202.1295,137245.489,161022.9599,185915.5273,224074.1048,269768.1129,319690.9049,331364.0575,329349.0915,296340.4596,284865.5225,263761.8296,312135.1788
77,219554.7942,222054.5207,227884.2512,222092.2234,228103.1009,224152.5455,222580.3127,224897.9895,220015.8657,225016.9935,221401.0797,216715.2115,210417.7141,224363.8365,224506.3305,220363.4443,222471.3852,227680.3935,230530.4834,231550.5708,242029.7707,237629.58,247813.3726,270451.9523,285046.3453,274245.873,255120.5604
78,125193.3541,132069.4085,141898.5184,144088.8923,144257.2196,159337.4653,181931.1763,197647.7063,204676.3598,206474.7707,213424.3954,213102.6536,221991.1556,228780.204,226796.9641,206778.7217,213533.3046,219149.2678,229614.5456,232156.3191,242617.9438,253152.5321,249509.3481,275630.9962,294001.9102,280680.3474,266858.2917
79,527813.4825,565293.1703,593722.7719,626723.7619,626702.2197,666849.4404,711262.3874,757809.1188,789996.8082,818297.3255,807371.7448,758177.8291,710855.3573,741517.3165,761577.4878,792326.6353,833922.496,869235.7857,917834.4042,959916.7195,964524.3889,1002764.734,1014800.041,1002998.954,1149311.309,1216099.856,1240030.108
80,209755.5669,213214.9398,211520.019,199529.5824,163074.0994,151921.724,163387.2449,175492.7352,178430.2512,181925.283,187463.8951,182656.0543,168520.4339,176884.47,196744.7726,188690.8102,195399.7183,203062.1777,213606.6864,219774.4383,231561.9891,240641.5024,249892.4984,129051.7007,195574.1629,264723.5653,273606.051
81,66675.7128,65811.42392,66997.43096,67108.71207,66852.32421,66939.05794,67981.83673,71763.74402,73688.74304,76369.21416,76990.62153,77540.40269,65145.78698,75545.48955,80521.55727,80467.06444,81489.24698,85376.74534,81756.42515,76461.51999,78668.02406,80590.5048,76400.36739,66279.56307,71528.34766,74568.46656,69930.78592
82,37623.04465,36513.03854,34847.74716,34361.55625,32841.08552,30546.23118,32785.01959,37868.20492,40080.58576,44647.82171,50715.80658,50396.6381,48548.14586,49270.66829,49961.76845,51896.07875,52265.78826,54565.61633,51897.31896,51274.56533,53009.99934,54156.34869,54057.92244,37221.63504,34093.54356,38286.81123,38204.59372
83,248934.7704,262491.0147,272986.5842,280389.1224,274268.8313,276302.3483,276686.5267,294172.5276,308657.4013,317059.6663,317944.2732,303679.0921,258877.8271,276553.556,289256.4754,299805.4944,303216.2675,321406.5038,324273.5015,322973.6526,339146.9903,348266.1527,345776.4571,343024.1429,365373.9543,370085.3727,361910.6167
84,55394.87999,59201.77336,58842.12335,57333.13507,57697.52569,57762.052,56621.45624,62706.5602,66074.46015,71173.01611,73889.5272,71583.32803,69583.05418,67442.60168,70077.7967,71299.23358,75535.80458,82742.88199,86449.21373,86632.9679,95610.99931,110579.1124,119154.7133,73869.39866,86144.84564,110606.9799,123938.0627
85,41944.3714,43521.91995,43967.03843,40769.33353,38851.40444,38031.24323,37667.21823,37200.63231,35560.99175,34950.92592,35302.73489,41426.45844,37224.45722,40150.52666,43903.19325,45300.96984,45763.97561,48602.86734,49718.86535,48575.04454,50196.00639,56238.94252,57796.94168,53889.59385,54152.51518,54599.07627,55451.65733
86,65035.76501,71460.88068,77791.83511,82597.29713,85862.29109,90268.82313,92236.16308,100719.9961,110137.8917,118250.0599,123959.2355,125124.4263,113901.801,121230.8798,127250.0415,132403.1935,137116.4401,146194.8776,154272.9556,155706.3655,155764.5922,162317.665,163352.2093,167306.6696,174722.7966,180471.2555,177441.6994
87,108762.869,125818.7788,134706.6143,139426.6128,135005.7008,134834.9143,137834.4041,138228.5047,131677.4055,135442.6871,134179.2476,115317.1716,100715.2508,95004.36288,91481.42198,87759.8247,88719.72591,92154.84017,96145.72423,103696.3745,112648.4144,114095.1151,114978.3097,125680.7932,138297.5003,136638.1965,133952.2381
88,33851.25544,36266.013,38077.69014,40537.15869,42174.30337,45448.16868,51055.59452,56438.39582,60669.31889,69817.97482,74867.20073,79587.83026,80144.51923,91220.87377,102101.4,115982.6512,119354.1469,120630.951,120604.1852,125979.413,128618.9982,129327.4661,133665.9027,136670.6005,148454.5223,151339.5841,142090.9907
89,39289.13133,49676.13351,57987.33857,63336.05032,69293.71718,70879.29822,72438.17628,86077.40568,94739.87843,102758.1587,107443.288,113834.7205,112285.6123,121054.3864,130532.285,136639.9083,152019.9352,166809.9682,175662.3786,205972.6064,233073.7688,253550.1392,272473.6024,302983.6913,347583.9679,408520.7028,442570.2568
90,93741.97097,100970.2153,107325.1508,115527.3401,119634.1382,121537.6909,127924.551,125674.3399,130573.483,134874.6454,135338.6027,129371.695,128151.0231,133551.6749,132220.0873,133055.7719,138194.5458,139979.1775,147193.2354,149201.507,150103.9906,158925.7846,163886.8592,146565.9717,165220.2907,187442.0985,198700.9369
91,252601.2796,283449.0378,324941.291,368544.6199,392731.6606,391628.6188,386663.9428,393211.3394,420233.0725,435189.5182,453539.6446,471636.327,472928.8466,488814.6928,505374.2446,516639.1241,527655.287,558403.6294,587640.3377,625219.7315,629281.1648,639478.0066,645981.8762,639899.0642,661802.5911,669486.6001,667760.6979
92,39961.83718,42168.22177,52724.00378,52430.21396,52602.41497,57208.58163,59223.47114,64609.40476,69347.63027,77542.96681,84179.73484,89803.97103,88380.02113,94707.02021,101560.3799,109502.9802,132417.507,155132.2717,180193.8166,209770.2891,248105.4532,284679.269,311979.6392,345320.6271,412126.8885,484690.4734,513176.0961
93,126824.8524,135791.2808,149588.1529,156026.7496,149535.6166,151530.6563,148661.4105,156430.5704,160816.3149,164082.4518,169528.5403,171731.1718,169649.7629,177690.581,186499.4607,193758.5444,198439.3017,208881.5149,222949.689,233847.6105,248200.8995,258607.8912,263090.9524,267445.1712,299758.3038,311772.5358,319232.2697
94,531097.3712,584730.6267,662492.0454,705839.2401,701646.7235,744591.285,753821.9288,770211.2594,809742.2715,811948.6781,810608.4681,799058.1465,934001.1539,864369.3752,864717.4554,922405.8129,939455.1615,960397.5575,954940.7574,957002.9445,980314.9869,957065.0174,942259.4411,977015.2927,986615.6346,941574.1082,952878.4889
95,330472.0271,399059.7152,498774.974,630413.4035,573404.0415,534649.5914,560094.6943,585285.394,614334.9671,677709.6525,709409.1417,654320.3496,671724.1067,641559.8944,598668.5126,610994.0454,603711.4387,591051.3215,579997.6773,559750.7203,551968.9886,549553.5953,565045.5795,572812.3121,594377.438,632683.9696,750043.9606
96,129944.6693,145622.4647,168793.4008,190091.1249,171688.4008,151025.7411,134698.078,147596.8094,152794.3219,156937.2968,174528.1074,175519.345,169050.986,166593.5836,174099.6335,168230.7463,183394.8346,187074.5169,203208.1177,187254.7672,186493.9849,171650.6966,164685.8338,166277.2026,145968.7951,123744.0253,117662.7624
97,347961.823,363122.5073,373750.8414,399017.0274,408028.9762,415876.0565,444864.3786,475974.6562,512916.8026,533461.2342,586238.1825,599072.9861,507676.9793,504000.4075,536287.9749,540322.2363,551899.1971,599595.3252,629207.7045,625236.5132,674161.5481,679576.4847,687322.9077,672958.468,703323.7924,643555.1948,700553.1111
98,122595.6487,130632.5888,135854.2271,143701.6865,147433.1122,151193.7879,158626.2512,168279.0368,178686.2337,188366.3133,197360.5956,210595.0202,212091.7593,223253.4556,250478.0827,312185.5666,329798.4157,341601.9454,351344.5318,358760.3176,370207.2966,383262.4134,399757.9883,420527.9002,444412.8271,476591.1728,522768.008
99,882150.8764,906540.1388,933166.6353,990061.3361,1015107.3,1083925.4,1153129.244,1276818.238,1422178.701,1410919.84,1405053.491,1327238.978,1291160.367,1369603.479,1401680.16,1482840.816,1565699.532,1623191.509,1703883.731,1755630.775,1758852.983,1810671.481,1924619.26,1848009.204,1987343.713,2038410.758,2034730.046
100,118771.1652,122180.5607,138945.5484,143744.7784,137135.0398,122597.0072,107954.1249,107748.294,111035.0512,116441.5263,116091.2101,117363.9623,112595.8063,103866.3277,105621.468,109851.9115,116610.419,123290.058,133156.7523,141045.9558,140523.7396,137781.7915,141381.2938,126933.6883,127012.6968,120672.5176,121147.3487
101,91868.33444,104696.863,111753.4875,116994.2531,112641.2041,105621.6156,105994.0354,109067.5004,114035.4912,130725.2227,133475.8352,132643.4819,119276.8232,118082.462,119419.4135,122538.3786,126863.0784,136944.7705,143042.572,143150.7154,142943.5421,151328.1616,156272.7258,145280.3595,156305.9411,167194.751,172148.3364
102,103992.0232,125775.2077,134055.276,144119.5111,147957.0808,140193.1413,155988.3736,155012.0732,162689.1466,157812.1468,156419.9325,170155.8269,140971.4346,155972.2396,162197.1696,164680.2952,173146.1513,178695.4161,161155.9231,159770.1726,158260.7639,170164.3386,177326.2704,209946.2937,239837.7122,274668.4786,277625.9235
103,322528.972,339391.5959,351981.6531,352840.725,361018.6915,366249.0589,393450.4362,389796.733,389334.0877,390361.7076,387189.8692,377715.9824,360952.8697,356723.3481,358046.9319,358347.2555,347586.3919,344608.346,347180.5987,345963.7679,354235.9924,347377.4152,346484.0031,335586.3119,354486.9541,349262.0329,343127.3891
104,103442.2584,112393.6829,116946.3643,124666.3471,127556.5823,127301.2794,124957.2011,127086.8127,132939.8266,136727.0652,142800.5495,149650.5742,149297.1588,148734.689,158088.0244,171497.2693,171943.0424,176645.2792,181582.7753,178915.8591,178668.8959,180714.8533,184973.491,187769.8878,199855.2972,222305.197,227790.6798
105,208291.4343,222467.9825,228735.3826,245770.0141,245910.7515,235293.5953,238370.5318,262074.7354,289209.57,304583.4159,317575.8861,335861.2127,302093.7923,299573.9539,315984.4249,312936.639,308984.582,324602.5768,330951.4296,332425.4337,340171.4253,350755.7248,364890.6712,357897.6785,373832.6446,407730.165,413638.5732
106,23751.67672,25454.2175,25268.74813,26396.06978,25124.05664,23270.15129,24359.66198,26588.95578,28285.30504,29494.84679,31459.64,30382.45534,25370.63445,25713.14903,27585.42385,28701.74966,29713.51521,33050.29946,35524.05809,36340.94323,37602.08828,39211.79661,41809.22303,42242.41233,49748.44211,55098.95863,56303.93969
107,141088.7825,168411.8456,206030.3006,227515.6126,231155.4171,227773.4509,228515.1722,237628.4619,250412.3157,255946.8669,282469.2188,305530.6985,308619.3252,340905.7679,369095.601,398176.5093,413578.0452,437819.1986,448761.6893,482848.6008,529157.85,579397.9643,601586.6589,638350.32,713818.8488,781930.4231,823488.8194
108,137787.5926,143386.6105,146685.5272,149480.4855,162280.1375,169246.1992,167494.1806,165194.5176,177005.0867,176723.7964,189174.1014,199402.774,190709.5304,207896.8387,225173.82,241675.7723,244959.1745,256910.5656,255926.8152,259978.3615,261145.6564,279367.3532,301340.3309,310286.3751,349283.598,396340.2218,406438.0969
109,348868.455,370257.8455,388596.6825,410526.5459,428656.8968,441503.5391,451303.2556,456536.1175,467862.4145,481225.4895,500889.8594,505512.1237,501768.1989,501046.5342,505902.0409,504185.1086,516816.444,535202.4014,560008.6012,597195.2219,616845.3672,649011.0787,694370.6476,730172.0638,790884.4124,843322.3933,864954.8866
110,241171.3166,259454.6588,279589.81,309473.4318,292486.2601,294788.3503,302045.6061,319055.2358,328525.9389,340518.9805,360243.5351,350213.2495,311436.3459,317239.2644,319160.2632,330003.7182,334294.961,349653.1987,362835.2205,385805.3652,405538.6558,441697.4246,461388.9927,474449.3583,542539.7309,569972.9268,587540.2105
111,119301.4588,115960.3269,114014.2498,115355.3829,113454.7996,110770.0201,113838.5412,118195.0743,121838.9045,123719.8976,126496.0626,126953.0873,122794.0796,125073.296,126316.7776,129383.2943,128421.3133,133963.0077,134230.8547,135349.8089,140898.7508,145291.6451,153163.317,148744.6282,171816.6465,168398.7314,174392.433
112,320873.7416,345195.2726,356309.1677,361565.5866,366222.2958,367176.68,385052.9213,395117.2167,420237.2042,432317.6577,452635.2879,442944.7404,403653.7658,421340.8523,441860.8629,470196.6853,479895.9183,510834.3107,526963.3243,524760.5703,551870.0006,581525.588,613180.0885,624386.6596,673316.8765,731095.7888,749459.7239
113,47749.87057,47515.00017,49289.0135,49168.08204,50081.5292,47005.56317,48581.76108,46693.1686,49018.62428,47287.32553,47098.32365,45278.80542,43984.84078,44575.6231,45876.42775,46931.42319,44924.20067,45090.31794,42190.42164,40450.52949,38077.59119,39280.70495,41070.35262,41349.78662,45858.01625,50068.03045,49649.13861
114,12636.9356,13889.11658,15230.06339,17240.54106,16918.00757,16978.76472,17853.96224,19426.55051,22959.05813,26552.90166,30591.33987,31829.23037,30378.50832,29741.05299,30443.64733,28238.10613,28226.32188,29527.22746,31225.36556,31702.11802,33602.27581,36774.75315,37759.80674,36854.15678,37248.25227,36877.03922,36912.72236
115,106492.6987,136785.6026,149556.5209,166571.146,149894.7236,140481.1153,147287.3414,161724.563,177069.7189,190231.9174,199561.9211,205570.228,186248.8334,215828.0126,244230.7167,269199.7715,278330.3539,313210.9279,336395.5693,360811.2344,384085.2056,407183.1008,425069.15,407378.1157,490495.7044,529430.7236,524728.0037
116,59788.72248,61656.91088,64213.16775,66889.91563,69743.13335,69904.73084,74290.45867,75215.46142,78494.65186,81330.40506,83434.25353,81355.47774,76282.45101,76021.1062,76241.92315,76581.54644,77528.43742,81075.84987,83184.62656,88942.48126,92400.49016,95430.12323,98076.94926,95632.63077,101461.2748,106214.9979,108196.556
117,30591.44629,32863.91134,34444.77111,33609.68345,31493.69299,30797.38748,32804.1798,35988.35964,37677.62155,39061.37636,42648.05237,42225.98144,36331.41522,38281.05549,38918.33492,38959.48315,40771.81806,43529.33502,46039.39975,50869.66974,57741.95818,63217.44748,66457.48484,36823.88075,49421.01456,68616.11822,67909.12845
118,39899.94269,41073.16003,43479.8449,43702.83242,44175.6373,45827.63438,47156.9688,47317.58709,51598.09534,51403.86744,54267.10709,56043.97223,54357.55474,54548.38664,55843.42169,58028.15577,59045.66192,59820.14505,60378.83075,63589.2321,70078.70603,70314.45607,74095.68983,69108.3331,68233.3834,67494.24011,66982.33171
119,106828.6596,114564.8063,121245.8613,127844.8003,131288.7307,133997.401,141169.5352,147939.7798,156227.8521,161296.4488,170198.2796,165861.3155,152269.2675,154373.4426,156509.9378,157843.987,162346.9026,172501.2526,175937.4318,183490.5717,189379.218,209524.7178,221434.8831,223979.4913,243652.0023,246496.8638,250833.1434
120,44472.94659,47398.75762,48073.75445,48532.71278,45171.04673,43344.65209,42077.15254,43330.94527,45136.54966,43961.27708,44146.11261,41471.74728,36164.36974,36112.1386,36151.78369,37083.17858,35672.98156,35888.16446,35261.69445,34646.41729,34737.17807,36278.4159,37411.41509,32260.23144,34650.19627,42161.48236,42313.80393
121,78031.3189,86265.90889,91450.78757,91494.93916,90406.85021,89400.69689,92846.20067,97606.25222,102746.6453,109352.9086,109956.5448,109188.4495,102357.609,108648.0971,107079.8181,105877.8792,110070.8875,115747.7635,118384.8623,125960.2786,133155.9919,134668.0433,135775.4965,132234.2704,138972.5053,146236.0445,144599.8453
122,56356.87335,55715.00425,55876.0436,56060.38118,56956.47679,57083.14027,54825.80124,53306.28297,51566.38477,51903.29903,52660.44887,52434.06335,51422.44727,50488.59755,50038.95784,48275.59102,49082.56793,49364.78898,50862.00259,52953.91607,53010,53318.92299,52721.18933,50288.65887,51161.49049,53603.24709,54348.27737
123,196682.6128,204522.0671,211495.0313,221271.5695,230391.691,232223.8211,232493.2025,230409.3486,231597.6097,236022.8164,241344.4079,241398.4876,243855.3191,245285.9606,249807.5896,247588.898,246486.2158,245937.4643,249283.0484,252154.0004,248761.8472,246832.2476,246605.0484,241705.7857,238469.5969,243672.8518,248590.9323
124,62572.2894,66333.6989,66854.77058,69871.60656,70215.12231,68973.56367,68730.23418,68224.72208,69382.77776,72613.17508,77343.80646,79285.37297,78058.56513,81217.585,81001.2308,79728.11612,78190.62939,79118.23243,79674.15331,79809.70663,79243.51159,82351.25651,85367.23625,77430.30386,85661.95154,92880.34019,96275.77378
125,237936.2885,247443.0236,255135.5225,271788.1966,288317.1983,312809.8755,333623.5846,351284.8055,363615.3726,376026.0176,378339.2323,395005.3446,401221.0935,404307.3417,406869.1422,415545.6601,414976.0788,428500.8811,455962.2345,477092.8801,492093.2311,525746.8303,543826.908,513058.6018,548221.2122,569009.9777,607909.5346
126,106222.654,109279.3856,111788.8835,116203.5512,121778.6886,127079.8128,125715.9178,128221.2815,128180.2445,126875.9473,127901.3031,127618.6293,124286.5537,123808.5377,122544.5702,121337.7304,119064.6839,120239.9775,122763.1813,125916.4322,129400.1744,132185.4776,135374.2939,110203.6276,132015.2703,139664.9047,142247.7486
127,60679.2893,60297.47565,58868.94206,58370.25187,63008.58295,64881.61941,67793.71973,69875.03813,71234.65765,71568.12582,73056.48106,76484.12883,78892.58412,84272.82384,87501.77344,88332.81793,87663.61098,89690.15624,93471.36854,96286.0669,98045.00809,104116.6051,109738.9894,102953.7601,115091.884,118690.1529,129277.4873
128,66348.51629,67757.43418,71097.63359,73156.60565,78064.46713,84942.56486,87060.61964,87832.93614,91438.30367,93081.42091,93124.36297,95862.41792,101019.4101,103468.9399,106793.1224,110134.1336,118073.8712,128037.8765,140306.9098,154316.41,166141.1761,171497.6174,179292.99,165708.5571,177484.2317,186320.4452,202171.1827
129,23254.05336,26167.63249,27362.63777,29584.26667,31887.42457,32312.52411,34015.58213,35511.5076,36088.7205,37297.84692,37006.2011,40912.71784,44235.1929,46343.40789,49314.27588,50852.63001,51100.69561,50996.0965,51754.59142,52766.69376,55127.95466,56402.43753,58684.71957,61969.37946,72542.14507,74476.97217,79465.50559
130,60497.99781,58435.15722,55266.10278,52795.25409,54618.28083,55302.78109,58802.43861,61418.91205,64394.27773,66743.28031,71175.13411,74644.75819,78820.08088,81633.21186,86789.74307,91065.31189,94168.7061,97168.06514,100944.361,103380.5255,107602.1744,111142.2448,116622.4984,112629.3126,118702.1915,123885.4412,131679.1609
131,21137.72236,21735.18941,23732.70039,24739.13238,25765.0157,28224.3123,29854.58499,32560.14652,34658.60413,38285.5402,41133.16861,38059.45354,39028.58588,38063.68605,38161.7037,36580.99628,36543.30339,36460.96356,36842.07093,36964.50897,36282.88942,36829.41652,38127.63072,37537.89458,40462.88526,41163.08189,44750.04262
132,577175.4649,598694.9245,610261.2085,626214.7214,653649.3266,688915.4716,706256.8509,724262.3456,748190.3012,776624.7099,796388.5871,827884.9227,866337.8389,883485.8328,907263.9398,936063.5828,951349.454,962346.9523,1003187.009,1021086.971,1053800.388,1153057.667,1185430.894,1154474.571,1215170.388,1215713.801,1241704.765
133,172567.2255,177328.3153,177263.0644,177168.3469,180225.4731,184556.7897,191892.3984,195567.4474,202697.5565,208007.8559,212257.1724,215604.9742,216431.4743,222970.1707,225207.3811,229757.425,232648.005,237984.782,243027.0973,245875.3091,244257.0208,242232.0109,244363.0644,232631.6922,230712.7801,243933.3874,253551.4889
134,33642.37507,36254.503,39976.08247,44467.88397,50560.60631,54363.25603,57056.92783,59573.41695,62340.71095,64235.86718,67046.51349,72975.01023,79168.29897,85533.2744,86824.57686,89002.19198,91325.90074,96416.20555,101469.5678,107563.1491,112901,115444.9305,118286.7348,120797.2441,122867.2442,120072.448,123478.4093
135,19698.50503,21373.61348,23830.69564,26741.64522,30542.41599,32847.12692,34493.79827,35281.48894,36824.97838,37844.27169,39415.32889,42810.9638,45959.27184,48830.33651,48734.68856,48761.08782,48729.91401,50156.67274,51663.33896,54066.01431,55383,56751.92023,57944.57326,58889.924,58958.96903,57477.48623,58494.65895
136,49905.98599,49578.94059,51308.99211,52575.74552,54732.85118,55666.6986,56000.93392,54333.64654,53423.95463,53833.11703,55987.60603,56503.03956,57195.81565,57832.10916,55410.75132,54626.81825,54399.14357,54990.0889,55729.68869,57205.66888,58403.992,62217.15617,63748.17615,54800.19095,62294.15533,70195.44961,71427.87726
137,22964.40876,24840.47769,25440.81754,26662.19536,28085.51867,28207.26639,29006.77916,31226.4405,31753.85711,32780.70097,33835.91988,33795.40278,33730.08161,33172.04366,33437.52107,32588.39935,34442.53372,37469.29599,40831.6724,43279.08741,46511.11446,48028.89249,50159.91415,31713.6509,36818.37851,56554.4431,59538.78324
138,27373.87586,29466.23928,29571.66176,30998.51184,31004.67318,33184.86957,34030.20147,33078.59076,33501.9773,34350.28574,37030.92665,37067.71572,36803.46634,36963.69248,37377.39422,38068.25089,39146.99792,41167.5309,42058.64729,43223.03302,46235.13012,47577.46048,48043.55142,27796.518,42995.74618,52351.75074,55152.41269
139,16213.66112,18045.5772,18168.7901,18641.94107,19533.73616,22942.05253,24288.1525,23696.26936,24017.80045,26778.61056,27981.67346,27571.24298,27412.0587,26557.95495,25917.67142,27474.19122,27925.87148,29394.7152,30603.89921,31013.70109,32661.13869,34734.29571,36717.17362,22104.29174,30518.3808,44092.63893,46148.18235
140,20596.74034,21163.29607,20884.72861,20914.08496,23079.5408,25296.29259,27774.81973,27771.5486,27438.92496,30032.59312,30578.19582,31544.55991,32115.18119,33116.63391,34403.09208,36854.74101,36478.60338,37614.0952,38428.59965,37740.02917,39399.80425,42650.25437,44816.66106,30912.15335,42324.79992,50920.67841,52398.76552
141,6138.594964,6505.639516,6908.929564,7610.432252,8681.13752,9718.958483,10379.56638,10940.78904,11417.40926,12275.35452,13776.30767,14799.60404,15413.72289,14740.75364,14568.72381,15909.72123,16622.96111,17794.29688,18663.37132,20011.57516,21225.21643,22193.75576,22941.88714,15693.67758,16432.68126,20463.07427,21779.07022
142,14149.90902,14942.03693,15247.76961,15263.76358,15138.9183,15180.39973,15738.52182,16409.36959,17252.06852,17965.26301,18871.74947,17922.41804,16448.03249,16281.43687,16123.47752,15223.97288,15125.50796,15495.44772,16225.66766,16937.38915,18091.16872,19654.37302,20026.16776,11348.42753,18429.33827,21079.92357,22516.16209
143,61299.04576,61604.43939,69373.83948,74741.62895,74903.72209,78427.70951,86088.74635,95334.0314,96791.27162,102072.6314,103121.502,100672.1364,98137.61745,98324.35957,97187.77814,98054.12696,99993.08741,102012.4872,105522.9185,109082.0836,112145.4613,114782.6014,115398.2894,91584.59543,114809.9455,112913.9039,116907.2448
144,51990.4831,53907.56995,56401.64373,56710.58603,57393.9597,59528.20315,60379.2345,62081.48296,63144.44666,65941.94772,68478.34099,67939.15399,65924.62076,66636.17271,68591.63886,71008.22781,74239.58546,76895.7821,79134.52434,82518.44117,86070.2764,87233.21586,88391.78012,64080.81343,75827.20903,91626.92066,97654.7759
145,147101.8455,150151.5061,154020.8206,164960.1627,151280.8391,152197.9279,156993.9468,165690.3169,170937.6532,175645.4064,174994.7533,176054.809,168535.5031,175778.9709,184582.8262,195030.3181,202299.3156,213888.5423,223835.4522,229948.2987,236912.8891,238978.3649,239984.1774,149032.4675,192883.8362,219678.6208,231334.5467
146,628532.3937,654506.5563,671484.9799,705927.2697,707037.1801,728335.0101,749394.0041,772952.5337,786818.0166,806096.3753,809034.5788,790951.6454,760357.4291,776758.5605,802669.5916,824290.0309,835530.1161,864097.7267,905465.6722,924411.8404,946550.015,967477.997,988668.8912,796657.8322,989001.9694,1069370.89,1107510.235
147,212289.0676,227582.7528,234182.0929,234181.4031,238170.1669,223576.5398,226007.4731,227247.7239,224042.1272,218303.6853,212458.7234,198392.8791,181246.0281,183399.7104,186301.2075,187776.7868,183557.9204,185659.8624,185829.7739,187981.6657,194285.9024,199757.376,210546.4496,192604.4566,201568.403,202411.0556,199710.9475
148,51460.1278,53400.51198,54038.78779,52352.84803,51616.69166,48951.47078,49343.54815,51138.79708,47639.04434,47996.55765,48332.48002,47988.88437,45247.65254,46711.26163,50131.95025,50767.51804,50319.43934,51120.74375,51607.93829,51321.21369,50441.60197,51573.26539,52150.6743,50877.0087,52212.08096,51218.64006,51789.60182
149,51928.70457,53130.41988,52053.74186,52222.3814,52736.63104,53228.29581,57471.08322,61174.19622,59557.08453,63637.82635,68733.36069,68771.74017,58987.12919,59091.41623,64188.59492,64811.38261,63653.50858,64573.71142,64114.57812,63392.72069,64095.06262,66091.27481,66183.32606,60285.12682,62239.85582,62559.38793,63217.18038
150,46009.88415,46788.18171,48385.48311,49267.5019,47866.64378,47336.50751,46582.07243,45979.50153,45025.53491,45173.6269,45291.07872,42501.85157,38112.54586,37431.12648,37449.80068,36839.65924,40191.27275,44291.84492,48195.85993,51849.80683,55137.98839,54069.82705,53634.84432,51731.35954,54954.03223,52317.32088,53119.81326
151,52640.51929,55909.43374,58170.39846,60963.42993,61095.17727,61929.64922,63896.92139,67156.67683,70014.65764,71990.74447,71996.27288,74074.24225,65973.66682,72167.56015,72734.13796,74185.79589,74717.88398,76613.47051,77327.29657,78129.52699,79629.83976,83372.26002,85788.82762,59100.92173,66719.18615,74619.5937,76850.36722
152,28941.28819,28749.40227,28237.4937,27830.10478,27730.29455,26650.48404,27273.38241,26244.90439,26257.35807,26134.21944,25805.89944,24611.4781,23452.73562,22497.13585,21780.72171,22196.3662,21135.66229,21165.27215,21207.72934,21344.9976,21338,20670.50251,20791.41816,20659.48606,21829.30958,21497.62551,21136.16329
153,32832.70503,34595.03596,35432.73423,35424.79822,35552.48581,34212.69093,32789.87441,32508.14932,33500.44971,34436.44241,33609.6793,31413.74496,29553.67927,29113.61637,29067.7846,29138.50321,29686.00977,30512.66476,30606.70399,29514.48933,29195.01039,29172.60149,29367.5186,25766.00985,26512.04064,25823.88572,26614.22581
154,70065.33154,73457.75664,78787.97029,81115.47319,76642.36579,78265.60159,78718.96662,80505.5852,79790.17054,77697.53112,76592.27705,72809.32272,67616.42089,68216.64909,69260.1971,69820.34904,70307.27429,73848.56966,76055.27949,77218.74334,81336.63178,83842.86952,84750.94612,69383.46306,84163.50207,90657.03069,92479.22306
155,74123.4275,77969.18025,78996.25073,80187.65251,84031.40123,87346.08339,87927.25501,89861.1536,90780.00594,91047.54528,94326,93866,94698,91970,89624,91970,94309,97606,98744,100801,100202,98192,98447,95476.99979,96839,96243,97279
156,22495.78028,26403.52528,28809.69659,34704.77184,37798.84758,44363.15824,42543.7305,45917.01481,43090.14511,50716.05958,50413.02713,57387.57969,49804.8037,47635.4372,49800.40002,48713.41237,50501.15006,53292.71412,56945.74502,61808.10166,58458.22534,69663.41704,65348.72084,76103.25787,65713.62204,73890.92845,73619.38473
157,85390.30289,89018.25484,87458.78404,92314.54173,90174.04892,93161.37024,86929.98351,84711.01607,75694.64605,80190.12771,71275.24626,80505.77666,72101.45029,75835.79247,71051.50021,80453.25302,75527.40532,85488.44376,84430.06122,96589.27931,95192.20463,98835.42572,97565.64444,92902.27035,89677.98329,93983.45321,94142.30588
158,19284.2267,21506.0885,19963.54147,20477.62296,19098.08913,18520.45917,19824.36207,21037.67654,20716.2787,21430.26343,22053.54751,21888.4514,19781.43318,18023.17586,18895.63338,19757.02596,20484.38401,22119.35044,21804.88982,20169.59048,18684,19946.01303,20041.34447,19090.77779,17329.84192,18245.0274,18514.83958
159,745695.7844,730605.3584,739849.4447,743022.062,772062.5283,819512.4276,866145.7787,901038.281,912346.2676,924374.7386,936458.7661,998689.0676,1068071.69,1111966.844,1082356.067,1073175.207,1013744.57,987339.0632,983801.1328,985752.9251,979733.9901,1003401.623,1052257.335,1090958.966,1121328.385,1068860.922,1108564.367
160,92467.54288,95256.3153,95736.57767,97832.86164,93620.81191,93362.24111,90710.62969,92426.70112,93012.79078,93421.39621,91810.54124,86060.09023,76910.28112,74083.99746,70496.17789,66552.5247,66485.87991,67299.28768,68241.91407,70935.97802,69564.58209,69733.31042,67286.23641,70292.76528,68930.73929,65087.53887,63807.55701
161,769309.4453,789337.9656,809793.0927,822435.2115,844386.8303,855175.8621,836722.4625,830024.3676,834102.8916,840814.2355,855368.9202,858470.5926,868702.3838,845905.1905,819002.5793,805786.8841,804569.889,801548.0732,817621.1484,832356.8109,832472,838592.951,870606.2731,882310.4931,897239.9826,924112.4127,946936.3061
162,48869.89446,51078.31713,53564.50078,55605.90548,57659.58465,59049.34624,59189.13576,60173.29815,61678.2392,63240.58031,65420.2723,66323.94671,66934.94042,65444.63089,63695.36528,62654.191,63709.18522,64682.67755,66475.5753,67931.70181,68698,70238.2991,73193.23133,74518.44214,75560.25211,77550.74354,79466.10565
163,690428.9721,728598.5761,760905.5297,780246.1465,813323.0277,850561.1408,854891.4949,862579.0928,868385.3072,878315.5138,892971.5504,893887.7219,925155.4199,906174.3721,877465.9257,865602.8825,874600.321,880753.309,911999.6739,940130.8487,943101.9299,953028.5608,991230.8824,1004050.783,990717.9836,990357.4125,1011109.348
164,1074822.248,1115076.213,1156848.477,1201165.166,1246995.369,1253109.954,1280871.354,1322104.307,1385243.059,1416155.826,1449634.32,1503871.731,1500013.067,1528050.364,1529986.059,1520311.051,1535101.591,1527182.611,1526122.251,1539318.546,1553178,1562641.476,1580042.948,1633351.321,1680600.128,1699058.215,1717483.368
165,12015.82704,11577.06108,10570.19435,9591.192767,8589.095794,7657.364468,8441.808232,9350.497716,9600.04394,10100.09296,11271.06085,10632.27346,9027.878485,9066.170372,9593.673487,8811.936258,8027.031987,8066.105367,8334.551746,8484.587354,10762.97531,10651.65855,10589.74907,10510.28875,9889.147177,9582.518154,9622.001933
166,1825.639248,1768.226575,1219.640227,1030.508021,1018.913902,947.394589,1036.190721,1385.898889,1729.529398,1852.463233,1962.807038,2213.856606,2313.043075,2426.055576,2705.505184,3009.434438,3153.88127,3211.857192,3376.725948,3285.728924,3468.000256,3837.165632,4115.001755,3044.546263,3798.817477,4646.716578,5029.183395